time,claremont_count,innaloo,kelmscott_count,myaree_count,northbridge_count,oconnor_count,scarbs_count,shenton_count,vic_count
00:00:03 2021/02/08,5,4,2,,4,8,1,,3
00:10:05 2021/02/08,5,4,2,,4,8,1,,3
00:20:09 2021/02/08,5,4,2,,4,8,2,,3
00:30:11 2021/02/08,1,3,1,,1,3,1,,1
00:40:13 2021/02/08,1,3,,1,,3,1,,
00:50:16 2021/02/08,2,2,1,2,,3,1,,
01:00:20 2021/02/08,1,1,1,2,,2,1,,
01:10:22 2021/02/08,1,2,1,2,,1,,,2
01:20:24 2021/02/08,1,2,1,2,,1,,,2
01:30:27 2021/02/08,1,3,1,2,,1,,,2
01:40:30 2021/02/08,1,3,1,1,,1,,,2
01:50:32 2021/02/08,1,3,1,1,,1,,,2
02:00:35 2021/02/08,,3,,,,1,,,2
02:10:37 2021/02/08,,2,,,,1,,,2
02:20:40 2021/02/08,,1,,2,,1,,,1
02:30:43 2021/02/08,,1,,2,,1,,,1
02:40:46 2021/02/08,,1,,2,,1,,,1
02:50:48 2021/02/08,,1,,2,,,,,1
03:00:51 2021/02/08,,1,,2,,,,,1
03:10:54 2021/02/08,,2,1,2,,,,,1
03:20:56 2021/02/08,,2,2,2,,,,,2
03:30:59 2021/02/08,,2,2,,,1,,,1
03:41:02 2021/02/08,1,5,2,1,,2,1,,1
03:51:05 2021/02/08,3,4,2,1,1,2,1,,1
04:01:08 2021/02/08,3,5,2,1,1,2,3,,2
04:11:11 2021/02/08,4,5,4,2,2,2,3,,2
04:21:14 2021/02/08,4,4,6,6,4,2,3,,2
04:31:16 2021/02/08,6,5,5,7,4,2,4,,1
04:41:18 2021/02/08,7,7,6,7,7,2,5,,1
04:51:21 2021/02/08,8,10,6,6,7,3,6,,5
05:01:24 2021/02/08,8,14,6,8,7,6,8,,6
05:11:27 2021/02/08,12,23,7,13,9,9,10,,6
05:21:29 2021/02/08,15,34,4,15,11,13,12,,9
05:31:32 2021/02/08,19,44,3,13,10,18,18,,13
05:41:34 2021/02/08,27,52,6,22,16,25,23,,19
05:51:37 2021/02/08,32,62,11,27,15,26,27,,24
06:01:39 2021/02/08,46,67,18,29,17,29,38,5,30
06:11:41 2021/02/08,61,71,29,38,19,33,49,11,36
06:21:44 2021/02/08,67,77,28,37,25,30,50,11,43
06:31:47 2021/02/08,68,72,31,38,25,29,52,16,47
06:41:49 2021/02/08,67,72,30,42,27,25,49,21,48
06:51:52 2021/02/08,73,67,28,37,25,25,44,22,45
07:01:54 2021/02/08,69,62,23,36,29,29,40,26,49
07:11:57 2021/02/08,53,50,16,39,27,31,33,22,40
07:22:00 2021/02/08,40,46,10,34,25,25,21,18,33
07:32:02 2021/02/08,32,36,12,29,17,29,16,14,30
07:42:05 2021/02/08,29,30,13,22,12,29,19,10,28
07:52:07 2021/02/08,18,28,14,21,11,27,24,12,25
08:02:10 2021/02/08,21,32,15,19,5,21,32,8,20
08:12:13 2021/02/08,20,36,18,16,5,17,27,8,21
08:22:15 2021/02/08,23,33,16,15,5,18,27,8,23
08:32:18 2021/02/08,25,30,13,13,5,12,27,10,21
08:42:20 2021/02/08,28,36,12,18,6,15,22,9,22
08:52:23 2021/02/08,36,38,11,21,8,17,22,10,29
09:02:25 2021/02/08,40,34,16,27,13,22,19,9,30
09:12:27 2021/02/08,44,41,14,28,18,23,21,11,31
09:22:30 2021/02/08,45,48,13,27,20,22,22,11,28
09:32:33 2021/02/08,47,50,13,26,19,26,24,13,26
09:42:35 2021/02/08,45,53,13,28,20,27,25,15,30
09:52:38 2021/02/08,42,50,14,28,18,21,27,15,28
10:02:40 2021/02/08,46,47,11,30,18,23,22,17,26
10:12:43 2021/02/08,36,46,10,31,17,25,22,17,31
10:22:46 2021/02/08,34,43,13,30,14,27,27,17,35
10:32:48 2021/02/08,33,40,12,32,17,26,28,13,41
10:42:50 2021/02/08,28,38,11,27,16,24,28,11,37
10:52:53 2021/02/08,30,47,11,26,18,27,26,8,40
11:02:55 2021/02/08,26,45,10,25,17,21,23,8,38
11:12:58 2021/02/08,26,44,11,26,15,21,20,8,34
11:23:01 2021/02/08,25,42,11,25,15,26,22,9,30
11:33:03 2021/02/08,27,44,10,24,17,28,23,17,28
11:43:06 2021/02/08,31,41,10,27,16,29,23,17,29
11:53:09 2021/02/08,28,34,9,29,13,32,25,19,30
12:03:11 2021/02/08,26,40,10,29,14,31,24,17,30
12:13:14 2021/02/08,33,36,10,25,16,28,25,15,33
12:23:17 2021/02/08,32,37,10,29,19,27,20,15,34
12:33:20 2021/02/08,27,49,10,27,19,28,17,14,34
12:43:22 2021/02/08,26,57,11,26,20,31,15,11,35
12:53:25 2021/02/08,30,60,10,25,21,29,19,11,30
13:03:28 2021/02/08,29,56,10,24,21,30,21,16,31
13:13:31 2021/02/08,25,62,7,20,18,28,26,19,30
13:23:34 2021/02/08,24,67,5,17,18,23,24,17,25
13:33:36 2021/02/08,23,55,4,18,15,18,22,20,24
13:43:39 2021/02/08,25,46,3,22,14,13,26,19,24
13:53:42 2021/02/08,23,43,7,25,14,17,21,20,24
14:03:44 2021/02/08,26,45,6,29,13,17,23,19,21
14:13:47 2021/02/08,30,44,6,28,11,21,23,16,21
14:23:50 2021/02/08,27,38,7,28,7,20,32,18,21
14:33:53 2021/02/08,30,40,7,29,7,26,38,17,19
14:43:56 2021/02/08,29,48,8,32,10,34,35,17,17
14:53:59 2021/02/08,32,54,5,29,10,30,34,18,19
15:04:01 2021/02/08,33,55,5,30,10,32,33,15,23
15:14:04 2021/02/08,36,55,7,34,8,32,32,16,31
15:24:07 2021/02/08,40,62,9,42,11,35,29,16,34
15:34:09 2021/02/08,50,74,11,47,15,34,23,21,38
15:44:12 2021/02/08,59,79,13,43,15,35,29,20,45
15:54:15 2021/02/08,57,74,14,43,16,39,34,23,52
16:04:18 2021/02/08,61,74,21,47,16,38,34,25,52
16:14:20 2021/02/08,64,80,19,54,17,38,37,28,52
16:24:23 2021/02/08,65,86,23,51,20,43,33,28,49
16:34:26 2021/02/08,73,84,26,49,26,44,38,22,50
16:44:28 2021/02/08,68,81,27,55,24,51,39,24,59
16:54:31 2021/02/08,69,85,32,61,22,52,38,27,62
17:04:34 2021/02/08,68,96,30,66,23,61,38,21,68
17:14:37 2021/02/08,73,99,28,64,27,68,44,21,76
17:24:40 2021/02/08,72,93,27,67,25,65,47,24,80
17:34:43 2021/02/08,72,90,29,66,21,68,47,28,79
17:44:46 2021/02/08,68,88,27,64,21,68,52,35,77
17:54:48 2021/02/08,79,94,24,62,22,61,49,37,72
18:04:51 2021/02/08,74,99,25,62,26,55,51,38,70
18:14:54 2021/02/08,66,109,24,55,29,56,56,40,65
18:24:56 2021/02/08,74,102,23,48,31,53,53,34,64
18:34:59 2021/02/08,67,105,16,45,28,52,46,36,59
18:45:02 2021/02/08,64,104,14,45,31,48,42,34,60
18:55:04 2021/02/08,66,96,17,47,35,53,46,31,58
19:05:07 2021/02/08,74,87,15,46,32,56,45,32,63
19:15:10 2021/02/08,71,75,18,46,32,45,36,29,62
19:25:13 2021/02/08,59,68,16,52,26,43,41,32,53
19:35:15 2021/02/08,59,67,19,58,33,40,41,23,55
19:45:18 2021/02/08,56,65,19,54,33,40,41,19,52
19:55:21 2021/02/08,54,63,17,47,30,39,38,21,49
20:05:24 2021/02/08,36,63,18,43,24,35,32,22,41
20:15:27 2021/02/08,38,59,19,41,29,44,31,20,45
20:25:29 2021/02/08,39,53,20,41,29,39,24,23,45
20:35:32 2021/02/08,38,62,23,37,22,39,20,21,46
20:45:35 2021/02/08,34,57,22,36,25,39,23,21,50
20:55:37 2021/02/08,32,57,23,38,22,38,18,18,50
21:05:40 2021/02/08,34,58,22,41,23,38,20,16,49
21:15:42 2021/02/08,32,51,18,38,19,30,17,14,45
21:25:45 2021/02/08,31,54,13,31,11,27,18,6,44
21:35:47 2021/02/08,28,50,14,28,11,24,16,6,38
21:45:49 2021/02/08,24,43,11,26,10,22,16,2,34
21:55:52 2021/02/08,20,38,7,21,15,16,12,,29
22:05:55 2021/02/08,18,30,9,17,13,14,12,,22
22:15:58 2021/02/08,18,26,6,13,12,11,8,,22
22:26:00 2021/02/08,15,25,5,10,17,9,10,,19
22:36:03 2021/02/08,13,19,2,11,16,7,10,,13
22:46:06 2021/02/08,11,19,2,11,16,4,8,,13
22:56:09 2021/02/08,11,18,2,8,10,2,7,,16
23:06:11 2021/02/08,8,17,2,9,7,3,6,,17
23:16:14 2021/02/08,8,20,2,8,9,2,6,,13
23:26:17 2021/02/08,6,18,2,8,4,3,4,,12
23:36:19 2021/02/08,6,16,4,6,4,3,3,,12
23:46:22 2021/02/08,5,13,6,5,4,4,1,,10
23:56:24 2021/02/08,5,12,6,5,4,5,,,5
00:06:27 2021/02/09,4,8,5,3,4,5,,,5
00:16:30 2021/02/09,1,6,4,2,2,7,,,6
00:26:32 2021/02/09,1,5,4,3,2,7,,,7
00:36:35 2021/02/09,,6,3,3,2,6,,,7
00:46:38 2021/02/09,,4,2,2,1,6,,,7
00:56:40 2021/02/09,,3,,2,1,6,,,6
01:06:43 2021/02/09,,3,1,2,1,5,1,,5
01:16:46 2021/02/09,,4,1,1,1,3,1,,3
01:26:49 2021/02/09,,2,1,1,,2,1,,1
01:36:52 2021/02/09,,1,1,,,2,1,,
01:46:55 2021/02/09,,1,1,,,3,1,,
01:56:58 2021/02/09,,1,1,,,2,1,,
02:07:01 2021/02/09,,1,1,,,2,,,
02:17:03 2021/02/09,,1,,1,,2,,,2
02:27:06 2021/02/09,,,,1,,1,,,2
02:37:09 2021/02/09,,,,1,,1,,,2
02:47:12 2021/02/09,,,,1,,,,,2
02:57:15 2021/02/09,,,,1,,1,,,3
03:07:17 2021/02/09,,2,,1,,1,,,3
03:17:20 2021/02/09,,2,,,,1,,,2
03:27:23 2021/02/09,1,3,,1,,1,,,2
03:37:26 2021/02/09,1,3,1,2,1,1,,,2
03:47:28 2021/02/09,3,6,1,2,1,1,,,3
03:57:31 2021/02/09,3,7,1,2,1,1,1,,3
04:07:34 2021/02/09,4,7,2,2,2,,2,,3
04:17:37 2021/02/09,4,5,6,4,3,,3,,3
04:27:40 2021/02/09,6,8,8,8,4,1,3,,3
04:37:42 2021/02/09,6,11,10,6,4,1,4,,3
04:47:45 2021/02/09,6,11,9,6,5,4,4,,7
04:57:47 2021/02/09,6,16,9,6,5,4,7,,9
05:07:50 2021/02/09,11,26,12,13,7,4,11,,9
05:17:52 2021/02/09,15,33,11,13,9,6,13,,12
05:27:55 2021/02/09,20,46,12,18,10,14,15,,16
05:37:58 2021/02/09,29,55,14,21,13,17,28,,23
05:48:00 2021/02/09,38,59,15,28,16,25,30,,28
05:58:03 2021/02/09,45,66,19,33,19,35,37,,37
06:08:06 2021/02/09,61,72,19,41,22,50,45,10,46
06:18:09 2021/02/09,67,69,20,46,26,54,50,11,53
06:28:12 2021/02/09,68,67,18,45,30,54,48,12,57
06:38:14 2021/02/09,67,58,16,43,33,51,44,16,54
06:48:17 2021/02/09,69,52,16,41,28,56,41,19,53
06:58:19 2021/02/09,65,52,13,35,27,49,37,19,47
07:08:22 2021/02/09,56,55,19,36,28,42,33,22,40
07:18:25 2021/02/09,48,48,17,34,26,30,31,11,37
07:28:28 2021/02/09,42,49,13,31,21,31,26,11,36
07:38:31 2021/02/09,37,42,11,30,19,30,26,11,34
07:48:34 2021/02/09,39,46,9,26,22,29,24,10,38
07:58:36 2021/02/09,37,45,10,21,24,21,21,8,31
08:08:39 2021/02/09,35,48,7,23,22,25,24,9,29
08:18:41 2021/02/09,39,44,6,21,24,27,18,8,26
08:28:44 2021/02/09,36,40,7,20,22,30,19,9,23
08:38:47 2021/02/09,41,40,8,19,21,29,21,8,20
08:48:49 2021/02/09,39,38,11,20,18,31,24,7,19
08:58:51 2021/02/09,47,39,11,22,15,31,30,8,24
09:08:54 2021/02/09,51,45,10,25,12,33,34,9,29
09:18:56 2021/02/09,54,47,8,27,14,26,37,10,27
09:28:59 2021/02/09,48,47,10,26,11,26,38,11,32
09:39:02 2021/02/09,48,49,10,25,14,26,41,11,32
09:49:05 2021/02/09,48,53,11,26,17,29,43,13,33
09:59:08 2021/02/09,44,51,9,27,15,28,33,14,29
10:09:10 2021/02/09,36,47,10,27,16,34,31,12,37
10:19:13 2021/02/09,29,40,10,24,16,35,29,12,38
10:29:16 2021/02/09,29,44,10,20,14,35,26,11,42
10:39:18 2021/02/09,32,45,8,18,12,36,27,12,44
10:49:21 2021/02/09,31,58,9,21,13,34,24,13,43
10:59:23 2021/02/09,33,57,8,19,13,30,23,14,46
11:09:25 2021/02/09,27,58,9,20,13,31,24,13,48
11:19:28 2021/02/09,29,56,8,20,11,21,19,11,38
11:29:30 2021/02/09,33,54,8,24,10,22,16,11,39
11:39:33 2021/02/09,27,49,12,31,10,24,14,11,32
11:49:35 2021/02/09,29,46,11,29,10,20,16,12,29
11:59:38 2021/02/09,23,35,8,27,9,23,14,13,26
12:09:40 2021/02/09,24,31,8,25,13,22,14,11,24
12:19:43 2021/02/09,28,33,7,23,14,18,13,11,23
12:29:46 2021/02/09,28,35,9,31,17,20,20,11,29
12:39:48 2021/02/09,26,37,8,34,20,19,18,13,33
12:49:51 2021/02/09,28,36,5,31,22,19,17,11,35
12:59:54 2021/02/09,26,33,4,35,22,22,16,16,39
13:09:56 2021/02/09,29,30,6,41,18,23,17,20,39
13:19:59 2021/02/09,30,35,9,41,19,22,21,19,38
13:30:01 2021/02/09,28,43,9,41,21,30,22,19,33
13:40:04 2021/02/09,28,42,8,36,19,34,20,21,32
13:50:07 2021/02/09,27,46,8,36,15,32,21,20,31
14:00:10 2021/02/09,28,53,9,35,16,29,21,16,32
14:10:12 2021/02/09,36,60,13,32,15,29,21,14,33
14:20:15 2021/02/09,33,65,14,30,15,25,25,11,32
14:30:18 2021/02/09,34,64,11,29,10,22,25,15,34
14:40:23 2021/02/09,31,57,10,28,11,14,27,13,42
14:50:26 2021/02/09,31,61,9,25,11,12,29,13,36
15:00:28 2021/02/09,31,61,11,24,11,12,32,12,39
15:10:31 2021/02/09,29,62,9,26,11,16,33,12,36
15:20:34 2021/02/09,22,58,8,27,13,17,37,13,33
15:30:37 2021/02/09,28,54,9,24,12,28,39,12,33
15:40:39 2021/02/09,34,60,12,22,13,28,38,14,41
15:50:42 2021/02/09,47,66,17,26,16,31,36,16,38
16:00:44 2021/02/09,53,63,25,35,18,32,40,17,47
16:10:47 2021/02/09,61,63,26,43,18,34,42,27,46
16:20:50 2021/02/09,69,68,31,38,21,34,41,29,51
16:30:52 2021/02/09,77,75,30,41,24,30,47,31,53
16:40:54 2021/02/09,77,85,30,45,28,33,40,27,60
16:50:57 2021/02/09,81,88,31,53,29,46,41,33,61
17:01:00 2021/02/09,77,93,28,53,31,45,45,35,62
17:11:03 2021/02/09,67,87,19,45,29,50,41,30,56
17:21:05 2021/02/09,67,85,21,46,21,57,43,35,50
17:31:08 2021/02/09,74,101,25,48,23,59,42,44,56
17:41:11 2021/02/09,75,95,21,46,21,54,45,42,49
17:51:14 2021/02/09,73,101,23,54,18,48,49,38,49
18:01:16 2021/02/09,76,109,27,59,22,53,56,44,54
18:11:19 2021/02/09,73,91,26,50,21,40,51,41,54
18:21:22 2021/02/09,68,90,23,53,21,38,49,36,65
18:31:25 2021/02/09,70,82,27,56,21,40,49,31,68
18:41:27 2021/02/09,56,83,26,51,22,40,51,28,65
18:51:29 2021/02/09,61,73,23,38,23,40,47,26,60
19:01:32 2021/02/09,70,75,25,45,27,41,56,26,64
19:11:34 2021/02/09,64,58,18,39,22,40,39,14,43
19:21:36 2021/02/09,64,60,17,41,20,38,35,10,37
19:31:39 2021/02/09,65,67,18,38,21,34,35,11,38
19:41:41 2021/02/09,64,72,19,40,24,34,43,12,39
19:51:44 2021/02/09,53,56,17,37,19,24,30,12,33
20:01:47 2021/02/09,48,67,20,39,25,27,24,19,41
20:11:50 2021/02/09,46,68,23,39,26,24,22,20,49
20:21:53 2021/02/09,37,73,21,34,34,23,27,22,49
20:31:55 2021/02/09,35,72,18,31,34,25,26,20,45
20:41:58 2021/02/09,42,65,14,30,31,26,18,17,46
20:52:01 2021/02/09,35,54,14,28,30,32,15,18,44
21:02:04 2021/02/09,35,64,14,33,34,34,19,18,48
21:12:07 2021/02/09,32,46,8,21,21,26,16,7,31
21:22:09 2021/02/09,30,39,8,17,16,19,10,5,28
21:32:11 2021/02/09,32,39,11,17,16,25,11,5,31
21:42:14 2021/02/09,23,31,9,13,14,21,9,3,30
21:52:17 2021/02/09,21,36,7,14,13,13,8,1,30
22:02:19 2021/02/09,19,35,8,16,13,12,9,1,33
22:12:21 2021/02/09,15,26,5,9,13,9,4,1,27
22:22:24 2021/02/09,15,20,6,10,10,9,4,1,25
22:32:26 2021/02/09,12,17,4,10,11,3,3,1,25
22:42:29 2021/02/09,8,16,4,12,9,2,3,1,17
22:52:31 2021/02/09,8,10,4,11,8,4,4,,16
23:02:34 2021/02/09,8,11,4,11,9,4,4,,17
23:12:36 2021/02/09,4,7,2,8,5,5,3,,11
23:22:39 2021/02/09,4,7,2,9,6,5,4,,13
23:32:41 2021/02/09,2,7,4,8,6,5,3,,11
23:42:44 2021/02/09,2,7,4,7,5,6,3,,6
23:52:46 2021/02/09,3,5,4,3,5,4,2,,6
00:02:48 2021/02/10,1,5,4,3,5,3,1,,8
00:12:51 2021/02/10,1,6,5,4,3,4,1,,6
00:22:54 2021/02/10,1,7,5,4,2,4,,,5
00:32:56 2021/02/10,1,7,2,4,2,5,,,4
00:42:59 2021/02/10,1,4,1,4,1,4,,,5
00:53:01 2021/02/10,,5,1,4,1,5,,,5
01:03:04 2021/02/10,,4,1,3,,4,,,2
01:13:07 2021/02/10,,2,,2,,2,,,3
01:23:09 2021/02/10,1,1,1,1,,2,,,2
01:33:12 2021/02/10,1,2,1,,,2,,,2
01:43:15 2021/02/10,1,2,1,,,2,,,1
01:53:18 2021/02/10,1,1,1,,,1,,,1
02:03:21 2021/02/10,1,1,1,,,1,,,2
02:13:24 2021/02/10,1,1,1,,1,1,,,1
02:23:26 2021/02/10,1,1,,,1,1,,,1
02:33:30 2021/02/10,,,,,1,1,,,1
02:43:32 2021/02/10,,,,,1,,,,1
02:53:35 2021/02/10,,,,,1,,,,2
03:03:38 2021/02/10,,,,,1,,,,1
03:13:41 2021/02/10,,,1,,,,,,1
03:23:44 2021/02/10,,,1,,,,,,1
03:33:47 2021/02/10,,,1,,,1,,,1
03:43:49 2021/02/10,2,2,2,,,2,1,,1
03:53:52 2021/02/10,2,2,2,1,,2,2,,
04:03:54 2021/02/10,2,2,2,1,1,3,2,,
04:13:56 2021/02/10,2,2,2,2,1,3,2,,
04:23:59 2021/02/10,4,4,3,5,1,4,3,,
04:34:02 2021/02/10,6,5,4,6,1,3,4,,
04:44:04 2021/02/10,4,5,6,6,2,2,5,,2
04:54:06 2021/02/10,8,7,6,6,2,4,6,,3
05:04:08 2021/02/10,14,11,7,6,3,9,11,,8
05:14:11 2021/02/10,25,22,6,11,4,14,12,,13
05:24:14 2021/02/10,27,31,6,12,7,19,16,,19
05:34:16 2021/02/10,31,35,9,18,8,19,24,,27
05:44:19 2021/02/10,38,43,13,27,9,24,28,,29
05:54:22 2021/02/10,43,46,15,31,10,29,30,4,35
06:04:24 2021/02/10,61,55,23,37,16,31,38,6,39
06:14:27 2021/02/10,59,66,25,40,17,32,43,10,43
06:24:30 2021/02/10,70,64,26,42,16,31,50,15,45
06:34:33 2021/02/10,74,66,24,39,18,32,46,22,43
06:44:35 2021/02/10,77,63,21,36,21,33,43,24,46
06:54:38 2021/02/10,76,70,19,36,24,30,42,23,42
07:04:41 2021/02/10,61,68,15,37,18,19,35,26,37
07:14:43 2021/02/10,56,64,10,35,21,20,31,24,38
07:24:45 2021/02/10,51,58,11,35,19,18,29,23,32
07:34:48 2021/02/10,47,65,12,30,19,22,26,16,32
07:44:51 2021/02/10,42,63,12,30,16,19,25,13,29
07:54:54 2021/02/10,42,60,16,24,16,23,25,14,25
08:04:56 2021/02/10,35,57,15,23,13,25,28,14,24
08:14:59 2021/02/10,36,52,13,19,11,29,24,12,23
08:25:01 2021/02/10,38,48,11,16,10,30,29,13,21
08:35:04 2021/02/10,38,45,13,15,10,25,24,16,22
08:45:06 2021/02/10,35,38,17,16,10,30,24,17,26
08:55:09 2021/02/10,43,30,17,21,10,30,23,16,32
09:05:12 2021/02/10,44,29,16,31,13,33,22,13,35
09:15:15 2021/02/10,45,33,19,32,13,34,20,12,36
09:25:17 2021/02/10,38,33,21,33,13,34,20,13,37
09:35:20 2021/02/10,37,36,21,31,12,35,22,11,35
09:45:22 2021/02/10,38,37,16,35,17,31,26,11,32
09:55:25 2021/02/10,40,47,13,30,17,29,25,10,33
10:05:27 2021/02/10,36,47,14,26,14,30,25,10,35
10:15:29 2021/02/10,32,38,12,23,13,28,24,10,38
10:25:32 2021/02/10,32,47,13,17,14,28,21,10,38
10:35:35 2021/02/10,33,54,13,19,16,24,18,7,41
10:45:38 2021/02/10,33,56,14,21,17,25,15,9,40
10:55:41 2021/02/10,30,51,13,19,16,23,17,9,39
11:05:43 2021/02/10,26,45,11,23,18,22,17,10,30
11:15:46 2021/02/10,27,46,10,23,17,16,22,15,30
11:25:48 2021/02/10,24,44,8,27,20,17,24,20,29
11:35:51 2021/02/10,23,43,5,26,18,20,22,20,27
11:45:53 2021/02/10,23,42,4,25,19,22,20,17,34
11:55:56 2021/02/10,21,38,5,25,18,22,18,19,33
12:05:59 2021/02/10,25,37,7,24,20,22,15,18,33
12:16:02 2021/02/10,26,36,6,24,18,23,21,16,35
12:26:04 2021/02/10,31,35,7,18,18,29,18,8,32
12:36:07 2021/02/10,36,31,8,18,24,28,19,7,33
12:46:10 2021/02/10,33,29,7,22,23,24,24,11,27
12:56:12 2021/02/10,36,29,6,23,21,22,24,11,22
13:06:15 2021/02/10,31,29,6,20,16,20,27,13,23
13:16:17 2021/02/10,31,29,8,16,20,23,33,15,23
13:26:19 2021/02/10,30,32,9,18,24,25,24,17,21
13:36:22 2021/02/10,16,33,9,20,19,21,22,19,17
13:46:24 2021/02/10,21,37,9,21,14,21,16,17,18
13:56:27 2021/02/10,18,34,11,19,15,20,14,19,22
14:06:30 2021/02/10,22,37,13,21,16,25,17,16,21
14:16:32 2021/02/10,24,36,11,23,15,21,18,15,26
14:26:35 2021/02/10,25,40,10,21,13,25,19,14,27
14:36:37 2021/02/10,24,41,10,20,11,27,22,12,27
14:46:40 2021/02/10,28,43,10,23,12,26,22,12,35
14:56:42 2021/02/10,24,47,11,24,11,26,25,9,36
15:06:44 2021/02/10,35,57,10,24,9,26,27,6,38
15:16:47 2021/02/10,35,58,10,24,10,26,26,6,39
15:26:49 2021/02/10,37,49,13,28,19,30,32,5,38
15:36:51 2021/02/10,40,57,12,36,17,23,30,9,40
15:46:54 2021/02/10,50,53,16,35,20,26,29,13,51
15:56:57 2021/02/10,50,57,17,35,24,28,29,18,50
16:07:00 2021/02/10,53,56,20,40,23,27,34,26,51
16:17:02 2021/02/10,52,67,21,39,25,25,38,29,49
16:27:04 2021/02/10,50,71,22,47,18,31,30,34,53
16:37:07 2021/02/10,55,86,20,47,18,36,32,35,55
16:47:10 2021/02/10,50,95,20,46,20,34,34,38,50
16:57:13 2021/02/10,51,88,21,51,18,43,36,36,48
17:07:15 2021/02/10,56,90,28,52,15,51,36,33,53
17:17:18 2021/02/10,65,90,29,58,18,59,37,31,52
17:27:21 2021/02/10,69,89,27,62,19,57,37,32,52
17:37:24 2021/02/10,74,82,31,62,27,50,43,33,63
17:47:26 2021/02/10,81,77,28,54,27,52,42,28,64
17:57:28 2021/02/10,86,72,28,52,31,51,42,27,58
18:07:31 2021/02/10,92,75,22,52,37,45,41,25,53
18:17:34 2021/02/10,87,79,15,43,35,43,45,26,53
18:27:36 2021/02/10,81,74,16,42,38,43,46,24,52
18:37:39 2021/02/10,78,66,11,42,34,45,42,21,57
18:47:41 2021/02/10,63,68,11,37,30,40,46,19,47
18:57:44 2021/02/10,58,64,13,43,29,41,43,23,45
19:07:46 2021/02/10,51,67,8,39,24,37,40,23,39
19:17:49 2021/02/10,49,60,9,34,23,35,40,20,37
19:27:51 2021/02/10,48,61,6,35,24,29,36,20,41
19:37:53 2021/02/10,46,65,5,32,21,29,37,20,40
19:47:56 2021/02/10,42,68,12,37,17,29,35,17,35
19:57:58 2021/02/10,44,66,15,32,22,30,33,15,36
20:08:01 2021/02/10,47,65,14,32,24,30,33,14,41
20:18:03 2021/02/10,55,64,15,39,24,28,28,15,41
20:28:05 2021/02/10,59,61,15,39,24,28,27,15,40
20:38:08 2021/02/10,51,59,15,37,23,34,24,15,40
20:48:11 2021/02/10,54,48,17,35,26,30,23,17,44
20:58:13 2021/02/10,52,42,14,29,22,26,16,15,44
21:08:15 2021/02/10,45,41,11,28,22,23,15,11,38
21:18:18 2021/02/10,40,41,11,19,22,25,15,10,35
21:28:20 2021/02/10,37,42,12,19,21,23,16,7,34
21:38:23 2021/02/10,30,40,12,19,15,15,15,5,32
21:48:26 2021/02/10,32,38,13,18,15,15,17,3,29
21:58:29 2021/02/10,27,37,12,14,12,12,17,,22
22:08:31 2021/02/10,23,37,10,13,8,10,14,,21
22:18:34 2021/02/10,23,32,10,11,9,10,12,,20
22:28:36 2021/02/10,18,24,7,11,12,9,13,,23
22:38:39 2021/02/10,16,18,6,7,12,8,8,,21
22:48:42 2021/02/10,16,14,5,7,14,7,6,,18
22:58:44 2021/02/10,12,13,3,5,15,6,3,,19
23:08:47 2021/02/10,11,9,2,2,12,7,3,,17
23:18:50 2021/02/10,10,4,3,3,13,7,3,,13
23:28:52 2021/02/10,8,4,2,3,11,6,2,,10
23:38:55 2021/02/10,7,5,1,2,10,6,3,,9
23:48:57 2021/02/10,5,4,2,2,10,6,3,,5
23:59:00 2021/02/10,3,3,3,1,7,3,3,,2
00:09:02 2021/02/11,3,4,3,1,7,2,4,,2
00:19:06 2021/02/11,3,5,3,1,7,1,3,,1
00:29:08 2021/02/11,2,5,2,,6,,4,,2
00:39:11 2021/02/11,1,3,2,,2,2,4,,3
00:49:14 2021/02/11,1,3,2,2,2,3,3,,4
00:59:16 2021/02/11,1,3,2,2,2,3,3,,4
01:09:19 2021/02/11,1,2,2,2,2,3,3,,5
01:19:22 2021/02/11,,3,2,2,2,3,1,,4
01:29:25 2021/02/11,,3,2,2,2,3,1,,4
01:39:28 2021/02/11,,2,2,2,1,3,1,,3
01:49:31 2021/02/11,,2,2,1,2,2,1,,2
01:59:33 2021/02/11,,2,2,,2,1,1,,1
02:09:35 2021/02/11,,2,1,,2,1,1,,1
02:19:38 2021/02/11,,2,,,2,1,1,,
02:29:40 2021/02/11,,1,,,1,1,1,,
02:39:43 2021/02/11,,,,,1,1,1,,
02:49:46 2021/02/11,,,,,1,,,,1
02:59:49 2021/02/11,,,,,1,,,,1
03:09:52 2021/02/11,,,,,1,,,,1
03:19:55 2021/02/11,,,,,1,,,,1
03:29:57 2021/02/11,,1,,2,1,,,,1
03:40:00 2021/02/11,1,3,1,2,1,,,,1
03:50:02 2021/02/11,2,4,1,2,1,2,1,,1
04:00:05 2021/02/11,2,4,1,2,1,2,1,,
04:10:07 2021/02/11,2,5,2,2,2,2,1,,
04:20:09 2021/02/11,3,8,2,4,3,2,1,,1
04:30:11 2021/02/11,4,8,2,5,4,2,2,,1
04:40:14 2021/02/11,6,12,3,4,4,3,3,,2
04:50:16 2021/02/11,7,12,3,4,4,3,6,,4
05:00:19 2021/02/11,8,13,3,4,5,4,6,,6
05:10:22 2021/02/11,15,21,6,10,5,6,9,,7
05:20:25 2021/02/11,19,26,5,13,7,9,12,,8
05:30:28 2021/02/11,21,30,8,13,7,13,14,,15
05:40:30 2021/02/11,25,44,10,19,8,26,20,,25
05:50:33 2021/02/11,30,47,9,27,11,30,23,2,33
06:00:36 2021/02/11,39,56,13,31,15,38,28,5,40
06:10:38 2021/02/11,53,60,19,37,19,43,34,12,41
06:20:40 2021/02/11,51,63,18,39,23,42,38,17,42
06:30:43 2021/02/11,54,62,20,39,25,41,41,20,46
06:40:45 2021/02/11,57,65,17,37,28,39,38,20,41
06:50:48 2021/02/11,52,58,22,32,28,34,38,24,38
07:00:51 2021/02/11,55,56,20,27,31,32,37,23,32
07:10:54 2021/02/11,50,52,18,28,32,29,35,22,26
07:20:56 2021/02/11,43,49,14,23,26,28,31,16,28
07:30:59 2021/02/11,46,42,15,20,21,28,24,13,29
07:41:02 2021/02/11,46,36,14,19,17,24,20,14,21
07:51:05 2021/02/11,48,33,10,19,19,22,23,10,20
08:01:08 2021/02/11,41,39,14,19,20,26,28,10,22
08:11:11 2021/02/11,36,31,13,14,12,23,26,8,19
08:21:13 2021/02/11,38,33,13,15,16,29,31,11,20
08:31:15 2021/02/11,36,38,9,18,18,26,30,10,17
08:41:18 2021/02/11,30,35,7,12,16,24,31,6,20
08:51:21 2021/02/11,31,38,9,16,14,26,26,7,24
09:01:23 2021/02/11,38,42,12,21,16,29,33,11,27
09:11:27 2021/02/11,45,41,13,23,15,22,27,9,29
09:21:29 2021/02/11,42,44,15,24,13,24,27,12,35
09:31:32 2021/02/11,39,48,16,24,12,24,29,10,39
09:41:35 2021/02/11,33,43,18,26,11,25,30,11,36
09:51:37 2021/02/11,31,38,15,21,9,28,30,10,35
10:01:40 2021/02/11,39,43,18,25,12,31,33,12,40
10:11:43 2021/02/11,25,44,10,18,13,29,28,8,32
10:21:45 2021/02/11,29,43,9,20,17,24,29,6,27
10:31:48 2021/02/11,35,51,11,24,17,26,33,6,31
10:41:51 2021/02/11,31,47,8,18,17,22,27,6,23
10:51:53 2021/02/11,31,50,10,20,16,17,31,8,23
11:01:55 2021/02/11,36,54,11,26,18,23,34,10,26
11:11:58 2021/02/11,31,35,9,22,11,22,26,9,23
11:22:00 2021/02/11,30,42,8,24,9,23,23,9,25
11:32:02 2021/02/11,25,36,7,22,10,28,25,14,26
11:42:05 2021/02/11,22,35,7,23,10,31,22,19,28
11:52:08 2021/02/11,22,32,9,23,10,29,17,19,22
12:02:11 2021/02/11,30,38,10,29,13,36,21,20,24
12:12:13 2021/02/11,25,42,8,24,13,28,24,19,21
12:22:15 2021/02/11,31,37,10,21,12,26,26,21,18
12:32:18 2021/02/11,37,46,9,22,14,20,22,18,18
12:42:20 2021/02/11,41,41,8,20,12,16,20,15,16
12:52:23 2021/02/11,44,44,4,29,13,16,22,14,22
13:02:25 2021/02/11,47,50,5,33,13,18,25,15,26
13:12:28 2021/02/11,37,40,5,27,8,12,18,13,30
13:22:31 2021/02/11,29,40,5,25,10,13,16,11,31
13:32:34 2021/02/11,26,33,7,28,8,16,20,11,28
13:42:37 2021/02/11,23,32,9,29,8,17,21,10,26
13:52:39 2021/02/11,18,29,9,20,8,20,21,12,22
14:02:42 2021/02/11,20,32,9,23,10,18,23,12,24
14:12:44 2021/02/11,17,33,9,23,11,15,22,14,13
14:22:50 2021/02/11,23,28,7,23,7,16,22,13,12
14:32:55 2021/02/11,30,33,6,21,7,14,18,12,14
14:42:58 2021/02/11,32,39,4,20,7,12,19,11,17
14:53:00 2021/02/11,33,40,6,29,7,13,20,8,21
15:03:02 2021/02/11,35,40,9,27,7,17,21,10,21
15:13:05 2021/02/11,36,47,9,25,8,21,20,12,21
15:23:07 2021/02/11,29,53,11,28,12,23,19,15,24
15:33:10 2021/02/11,30,55,12,32,15,24,24,22,31
15:43:12 2021/02/11,25,58,15,36,18,28,23,25,32
15:53:14 2021/02/11,30,66,14,32,20,32,21,27,29
16:03:17 2021/02/11,31,66,20,35,21,38,20,26,35
16:13:20 2021/02/11,39,68,24,37,20,38,22,28,36
16:23:22 2021/02/11,40,70,24,35,22,40,25,26,43
16:33:25 2021/02/11,41,74,27,37,24,50,22,21,37
16:43:27 2021/02/11,46,73,27,36,29,48,27,15,42
16:53:30 2021/02/11,51,73,25,33,27,50,37,20,44
17:03:33 2021/02/11,51,71,21,36,27,51,36,23,42
17:13:35 2021/02/11,49,72,15,44,27,61,35,22,48
17:23:38 2021/02/11,51,74,20,53,25,55,40,26,44
17:33:40 2021/02/11,55,81,19,53,22,49,42,31,49
17:43:43 2021/02/11,49,69,20,51,12,52,39,38,47
17:53:46 2021/02/11,45,65,25,54,19,44,41,37,49
18:03:49 2021/02/11,45,67,22,52,22,45,39,39,46
18:13:52 2021/02/11,49,69,23,43,22,36,47,40,42
18:23:54 2021/02/11,45,70,25,37,23,36,39,33,45
18:33:57 2021/02/11,34,63,17,33,22,35,40,30,54
18:44:00 2021/02/11,38,64,15,36,27,32,45,21,53
18:54:02 2021/02/11,41,57,15,31,26,30,42,21,54
19:04:05 2021/02/11,38,50,14,32,21,25,35,17,54
19:14:08 2021/02/11,36,53,13,31,22,29,30,16,51
19:24:10 2021/02/11,39,49,8,32,25,28,32,18,46
19:34:13 2021/02/11,43,47,7,37,24,26,27,19,43
19:44:16 2021/02/11,47,50,7,34,26,23,23,19,39
19:54:19 2021/02/11,43,53,8,32,23,22,19,19,37
20:04:22 2021/02/11,37,59,7,30,19,25,21,19,38
20:14:24 2021/02/11,37,61,8,29,21,23,25,16,43
20:24:27 2021/02/11,35,59,11,29,19,23,23,11,42
20:34:30 2021/02/11,31,56,11,29,16,25,21,10,43
20:44:33 2021/02/11,29,55,10,24,18,26,19,10,40
20:54:35 2021/02/11,24,59,7,27,13,26,19,6,38
21:04:38 2021/02/11,24,55,9,25,16,24,15,3,32
21:14:41 2021/02/11,23,46,10,24,14,22,8,4,31
21:24:44 2021/02/11,27,52,9,20,13,21,7,4,22
21:34:47 2021/02/11,22,42,10,16,11,15,13,4,17
21:44:49 2021/02/11,19,45,11,17,10,12,14,2,20
21:54:53 2021/02/11,17,30,13,15,9,14,13,,15
22:04:55 2021/02/11,19,24,10,15,5,12,14,,16
22:14:58 2021/02/11,16,24,9,16,5,12,14,,17
22:25:02 2021/02/11,12,19,6,14,8,8,12,,18
22:35:04 2021/02/11,10,16,5,12,11,7,5,,17
22:45:07 2021/02/11,11,15,4,10,12,7,7,,12
22:55:10 2021/02/11,9,15,1,11,13,5,9,,11
23:05:13 2021/02/11,5,13,,7,13,3,7,,9
23:15:15 2021/02/11,6,11,,8,11,2,7,,10
23:25:18 2021/02/11,5,10,,8,8,2,7,,8
23:35:21 2021/02/11,6,8,,5,7,2,7,,7
23:45:24 2021/02/11,5,5,,5,4,2,3,,8
23:55:26 2021/02/11,4,3,1,3,2,1,1,,8
00:05:29 2021/02/12,4,3,1,2,2,1,1,,7
00:15:32 2021/02/12,2,2,1,1,2,,1,,4
00:25:35 2021/02/12,3,,2,1,2,,1,,4
00:35:38 2021/02/12,1,,3,1,2,,1,,4
00:45:41 2021/02/12,1,,3,2,4,,2,,4
00:55:44 2021/02/12,2,,2,2,3,,2,,4
01:05:47 2021/02/12,2,,2,2,2,,1,,3
01:15:50 2021/02/12,2,,2,1,2,,1,,4
01:25:52 2021/02/12,1,3,2,1,2,,1,,4
01:35:55 2021/02/12,2,4,1,1,3,1,1,,4
01:45:58 2021/02/12,2,4,,,1,1,,,2
01:56:01 2021/02/12,1,4,,,1,1,,,1
02:06:03 2021/02/12,1,4,,,1,1,,,1
02:16:05 2021/02/12,1,4,,,1,1,,,
02:26:08 2021/02/12,1,1,1,,1,1,,,
02:36:11 2021/02/12,1,,1,,1,1,,,
02:46:14 2021/02/12,,,1,,,,,,
02:56:17 2021/02/12,,,1,,,,,,1
03:06:20 2021/02/12,,1,1,,,,,,1
03:16:23 2021/02/12,,1,1,,,,,,1
03:26:26 2021/02/12,,1,,1,1,1,,,1
03:36:29 2021/02/12,,1,,1,1,3,1,,1
03:46:32 2021/02/12,1,1,,1,1,3,1,,1
03:56:34 2021/02/12,1,4,1,2,1,3,2,,
04:06:37 2021/02/12,1,4,2,3,1,3,2,,
04:16:40 2021/02/12,3,3,5,6,3,3,2,,2
04:26:42 2021/02/12,3,4,8,10,3,3,4,,3
04:36:45 2021/02/12,6,7,9,11,2,,4,,5
04:46:48 2021/02/12,6,11,11,12,2,1,3,,5
04:56:51 2021/02/12,8,15,11,12,2,4,5,,8
05:06:54 2021/02/12,16,21,13,18,5,7,8,,10
05:16:57 2021/02/12,17,26,10,20,4,11,11,,14
05:27:00 2021/02/12,18,35,9,21,5,17,18,,16
05:37:03 2021/02/12,24,40,8,25,13,18,23,,22
05:47:06 2021/02/12,27,53,10,34,15,18,27,,27
05:57:09 2021/02/12,37,60,12,36,19,23,30,2,28
06:07:11 2021/02/12,42,68,16,37,26,29,33,9,34
06:17:14 2021/02/12,44,74,17,39,29,32,37,13,36
06:27:17 2021/02/12,46,70,18,38,29,32,38,14,35
06:37:20 2021/02/12,45,78,16,39,30,30,35,17,37
06:47:22 2021/02/12,44,73,17,38,27,31,32,20,37
06:57:25 2021/02/12,44,66,14,31,27,35,29,23,34
07:07:28 2021/02/12,36,52,10,30,23,32,35,21,34
07:17:31 2021/02/12,29,59,11,31,23,25,31,12,30
07:27:34 2021/02/12,27,50,13,29,26,26,24,16,31
07:37:36 2021/02/12,32,46,13,30,24,23,32,15,24
07:47:39 2021/02/12,33,41,15,32,20,26,33,12,20
07:57:41 2021/02/12,39,39,17,27,22,27,39,11,16
08:07:44 2021/02/12,34,35,22,27,21,26,41,12,23
08:17:46 2021/02/12,37,37,19,27,17,23,41,12,23
08:27:49 2021/02/12,38,39,15,22,14,26,39,12,25
08:37:52 2021/02/12,34,43,14,20,14,28,38,13,30
08:47:54 2021/02/12,27,51,14,17,15,27,32,12,34
08:57:57 2021/02/12,31,52,12,18,16,30,28,14,43
09:08:00 2021/02/12,31,60,11,22,15,30,27,15,46
09:18:03 2021/02/12,33,56,7,32,13,31,27,14,43
09:28:06 2021/02/12,34,55,7,32,13,40,28,18,46
09:38:08 2021/02/12,41,67,8,32,11,39,25,16,48
09:48:11 2021/02/12,41,68,7,34,11,38,30,15,41
09:58:14 2021/02/12,40,65,6,31,11,38,28,13,38
10:08:17 2021/02/12,40,58,3,29,8,35,26,9,35
10:18:20 2021/02/12,40,56,3,19,7,37,22,8,36
10:28:22 2021/02/12,38,59,4,8,10,36,24,8,37
10:38:25 2021/02/12,36,50,7,6,10,31,25,6,35
10:48:28 2021/02/12,28,43,9,6,12,30,29,7,28
10:58:31 2021/02/12,22,39,12,7,10,28,26,9,33
11:08:34 2021/02/12,23,41,14,11,16,27,29,9,29
11:18:36 2021/02/12,23,48,15,10,19,23,31,13,32
11:28:39 2021/02/12,22,49,15,11,21,23,29,14,32
11:38:42 2021/02/12,24,48,18,13,22,24,28,17,31
11:48:44 2021/02/12,25,51,15,21,23,24,21,17,31
11:58:47 2021/02/12,33,55,13,24,22,19,18,17,30
12:08:49 2021/02/12,29,53,8,24,30,18,21,17,27
12:18:52 2021/02/12,29,54,7,21,28,15,21,19,31
12:28:54 2021/02/12,29,48,6,21,24,14,23,21,24
12:38:57 2021/02/12,32,55,6,20,24,16,24,23,30
12:48:59 2021/02/12,29,56,4,28,22,11,21,19,30
12:59:02 2021/02/12,25,52,5,23,18,14,24,20,30
13:09:05 2021/02/12,26,49,5,25,17,15,22,17,29
13:19:08 2021/02/12,29,51,5,27,14,14,22,18,34
13:29:10 2021/02/12,28,49,7,27,10,17,20,21,31
13:39:13 2021/02/12,25,43,6,29,9,17,18,16,32
13:49:15 2021/02/12,26,31,6,35,6,19,18,10,26
13:59:18 2021/02/12,29,35,7,29,8,25,25,12,27
14:09:21 2021/02/12,28,39,7,25,8,21,28,11,27
14:19:24 2021/02/12,35,37,8,26,9,22,27,11,28
14:29:27 2021/02/12,36,38,8,24,9,25,28,11,23
14:39:29 2021/02/12,39,43,6,19,9,21,31,8,20
14:49:32 2021/02/12,36,43,7,20,10,20,31,12,19
14:59:34 2021/02/12,41,46,6,16,13,13,35,16,23
15:09:37 2021/02/12,39,43,8,19,12,8,32,13,21
15:19:40 2021/02/12,40,40,7,25,15,11,33,14,22
15:29:43 2021/02/12,36,45,6,29,14,12,31,13,26
15:39:45 2021/02/12,37,44,7,32,16,16,28,11,33
15:49:47 2021/02/12,39,57,7,36,16,21,29,10,39
15:59:49 2021/02/12,37,66,8,41,17,23,30,8,45
16:09:52 2021/02/12,33,74,6,44,14,26,28,10,42
16:19:55 2021/02/12,34,72,7,44,15,31,26,10,47
16:29:58 2021/02/12,32,75,8,42,15,34,23,13,48
16:40:00 2021/02/12,30,79,11,35,14,39,24,19,54
16:50:02 2021/02/12,30,87,14,43,15,53,25,22,50
17:00:05 2021/02/12,29,71,15,45,18,52,25,23,58
17:10:08 2021/02/12,25,61,12,45,21,55,24,23,57
17:20:11 2021/02/12,27,59,16,46,22,59,33,23,53
17:30:13 2021/02/12,29,61,15,45,17,59,33,28,47
17:40:16 2021/02/12,33,57,13,51,15,55,38,27,43
17:50:19 2021/02/12,38,47,14,52,21,51,31,24,37
18:00:22 2021/02/12,37,45,17,46,22,39,31,21,38
18:10:25 2021/02/12,41,53,17,41,19,41,35,23,29
18:20:27 2021/02/12,44,46,19,36,16,34,34,18,27
18:30:30 2021/02/12,42,50,18,31,15,34,24,18,31
18:40:33 2021/02/12,41,48,17,27,16,34,26,13,36
18:50:35 2021/02/12,40,45,17,20,18,34,22,12,36
19:00:38 2021/02/12,36,53,15,21,13,32,24,9,38
19:10:41 2021/02/12,40,47,9,26,11,30,24,9,39
19:20:44 2021/02/12,35,44,9,26,13,24,22,6,36
19:30:47 2021/02/12,35,48,7,27,13,20,20,7,39
19:40:50 2021/02/12,36,46,5,27,12,13,22,6,36
19:50:52 2021/02/12,35,44,4,25,13,12,20,6,37
20:00:55 2021/02/12,30,40,7,27,10,8,18,4,38
20:10:57 2021/02/12,32,31,6,24,9,11,16,3,35
20:21:00 2021/02/12,29,30,7,20,10,10,17,3,28
20:31:03 2021/02/12,25,21,7,21,10,12,14,2,27
20:41:06 2021/02/12,23,19,8,19,11,12,10,,26
20:51:08 2021/02/12,19,17,7,19,15,11,10,,26
21:01:11 2021/02/12,24,16,9,18,16,16,7,,20
21:11:13 2021/02/12,19,14,6,17,16,13,7,,13
21:21:15 2021/02/12,14,19,4,16,14,15,7,,15
21:31:18 2021/02/12,16,23,5,21,14,15,7,,19
21:41:21 2021/02/12,15,23,5,19,9,13,9,,12
21:51:23 2021/02/12,13,26,6,17,6,13,6,,13
22:01:26 2021/02/12,15,32,7,17,7,14,7,,14
22:11:29 2021/02/12,7,32,4,16,3,8,6,,13
22:21:32 2021/02/12,6,32,4,14,2,6,5,,14
22:31:35 2021/02/12,8,27,4,11,7,3,5,,12
22:41:38 2021/02/12,7,23,4,5,10,2,6,,9
22:51:40 2021/02/12,8,18,4,6,11,6,4,,6
23:01:44 2021/02/12,7,12,3,5,12,6,6,,7
23:11:46 2021/02/12,7,5,2,8,12,7,5,,8
23:21:49 2021/02/12,8,4,3,6,12,7,6,,6
23:31:52 2021/02/12,8,4,3,7,12,7,7,,6
23:41:54 2021/02/12,7,3,3,8,9,7,5,,6
23:51:57 2021/02/12,6,3,2,6,9,8,4,,5
00:02:00 2021/02/13,5,2,1,5,8,4,4,,6
00:12:02 2021/02/13,4,3,1,2,6,1,2,,3
00:22:05 2021/02/13,3,3,,2,6,1,1,,3
00:32:08 2021/02/13,3,3,,1,6,3,,,3
00:42:11 2021/02/13,1,3,,,3,3,,,3
00:52:14 2021/02/13,1,5,,1,2,2,,,4
01:02:17 2021/02/13,1,6,,1,2,2,,,5
01:12:20 2021/02/13,,4,,1,2,3,,,3
01:22:23 2021/02/13,,3,,1,2,3,,,2
01:32:25 2021/02/13,,4,,1,2,1,,,2
01:42:28 2021/02/13,,4,,1,2,2,,,2
01:52:30 2021/02/13,,2,,,1,2,,,1
02:02:33 2021/02/13,,1,,,1,2,,,
02:12:36 2021/02/13,,2,,,,1,,,
02:22:38 2021/02/13,,2,,,,1,,,
02:32:41 2021/02/13,,1,,,,1,,,
02:42:44 2021/02/13,,1,,,,,,,
02:52:46 2021/02/13,,1,,,,,,,
03:02:49 2021/02/13,,1,,,,,,,1
03:12:52 2021/02/13,,1,,1,,,,,1
03:22:54 2021/02/13,,1,,1,,,,,1
03:32:57 2021/02/13,,1,1,1,,,,,1
03:43:00 2021/02/13,,1,1,1,,,,,1
03:53:02 2021/02/13,,2,1,1,,,,,1
04:03:05 2021/02/13,1,2,1,1,,1,,,1
04:13:07 2021/02/13,2,1,1,,,1,1,,1
04:23:10 2021/02/13,3,1,1,1,,2,2,,1
04:33:12 2021/02/13,3,3,,1,,2,2,,1
04:43:15 2021/02/13,5,6,,1,1,3,2,,2
04:53:17 2021/02/13,6,7,,1,1,4,2,,3
05:03:20 2021/02/13,6,6,,1,1,3,4,,2
05:13:23 2021/02/13,4,7,,1,1,3,4,,2
05:23:26 2021/02/13,3,8,,,1,4,4,,6
05:33:29 2021/02/13,4,9,,1,1,4,6,,8
05:43:31 2021/02/13,4,6,2,2,,3,6,,9
05:53:34 2021/02/13,3,9,2,2,3,4,6,,10
06:03:37 2021/02/13,6,11,4,5,3,5,6,,13
06:13:39 2021/02/13,13,13,4,5,3,7,6,,16
06:23:41 2021/02/13,19,15,5,10,9,6,7,,14
06:33:44 2021/02/13,19,20,6,14,10,7,8,,18
06:43:46 2021/02/13,22,24,4,16,10,7,11,,18
06:53:49 2021/02/13,26,29,4,15,7,8,13,,24
07:03:51 2021/02/13,35,30,4,15,8,11,13,,23
07:13:54 2021/02/13,31,29,5,17,9,14,20,2,24
07:23:57 2021/02/13,26,35,7,15,5,17,22,2,24
07:34:00 2021/02/13,27,33,9,14,9,21,26,6,22
07:44:03 2021/02/13,24,37,15,16,14,26,33,6,27
07:54:05 2021/02/13,24,42,19,22,14,27,34,6,21
08:04:08 2021/02/13,17,41,20,27,14,28,43,8,23
08:14:10 2021/02/13,22,47,19,32,16,23,39,7,25
08:24:13 2021/02/13,31,48,16,32,15,33,40,9,27
08:34:16 2021/02/13,31,53,16,33,12,31,35,6,36
08:44:18 2021/02/13,37,55,14,32,12,30,32,7,39
08:54:20 2021/02/13,44,51,12,28,13,34,41,9,36
09:04:23 2021/02/13,45,64,11,27,16,39,36,12,36
09:14:26 2021/02/13,48,71,13,27,18,48,36,13,36
09:24:29 2021/02/13,45,74,14,29,20,46,38,12,36
09:34:32 2021/02/13,47,73,11,31,24,40,38,13,31
09:44:35 2021/02/13,49,75,11,28,20,44,40,13,32
09:54:37 2021/02/13,44,75,8,37,20,46,31,11,27
10:04:40 2021/02/13,43,64,9,35,18,43,30,13,34
10:14:43 2021/02/13,39,61,9,37,16,36,26,16,36
10:24:46 2021/02/13,39,59,8,30,17,35,33,20,35
10:34:48 2021/02/13,47,65,8,31,14,35,33,21,35
10:44:51 2021/02/13,49,64,7,31,17,38,33,21,30
10:54:53 2021/02/13,53,61,8,27,20,41,33,21,34
11:04:55 2021/02/13,60,75,10,29,18,35,44,23,35
11:14:57 2021/02/13,59,80,10,31,20,36,39,18,30
11:25:00 2021/02/13,60,69,8,35,24,34,33,17,31
11:35:03 2021/02/13,54,66,9,36,23,33,33,21,36
11:45:05 2021/02/13,43,60,10,34,19,30,31,20,34
11:55:08 2021/02/13,45,61,12,33,20,27,31,20,29
12:05:10 2021/02/13,43,50,11,32,20,25,29,19,30
12:15:13 2021/02/13,40,44,10,27,17,22,25,21,28
12:25:16 2021/02/13,39,45,11,23,11,26,23,13,25
12:35:19 2021/02/13,36,41,12,22,13,22,23,10,25
12:45:21 2021/02/13,38,34,10,23,14,22,16,8,27
12:55:24 2021/02/13,34,33,10,24,14,22,13,11,27
13:05:26 2021/02/13,31,35,12,20,15,21,6,10,26
13:15:28 2021/02/13,29,41,14,21,15,24,3,11,27
13:25:30 2021/02/13,27,38,17,22,14,22,,10,28
13:35:33 2021/02/13,30,41,17,22,13,18,,9,27
13:45:36 2021/02/13,31,42,16,16,11,20,,9,27
13:55:38 2021/02/13,34,45,16,21,12,24,,11,24
14:05:41 2021/02/13,35,46,11,19,14,23,,13,25
14:15:44 2021/02/13,36,41,11,23,13,21,1,20,23
14:25:46 2021/02/13,35,42,11,23,15,21,6,18,26
14:35:49 2021/02/13,29,43,6,18,20,21,11,20,23
14:45:52 2021/02/13,27,39,8,17,20,21,12,23,24
14:55:55 2021/02/13,25,37,10,12,23,17,13,19,22
15:05:58 2021/02/13,19,40,9,17,24,15,15,20,25
15:16:01 2021/02/13,17,35,8,23,21,13,19,10,25
15:26:03 2021/02/13,25,41,7,18,21,12,16,11,28
15:36:06 2021/02/13,25,40,8,18,22,13,18,16,30
15:46:08 2021/02/13,30,42,7,19,17,14,16,16,27
15:56:11 2021/02/13,31,42,3,23,18,16,21,19,28
16:06:13 2021/02/13,35,31,3,19,14,19,24,17,32
16:16:15 2021/02/13,38,33,3,19,14,21,25,16,29
16:26:18 2021/02/13,37,32,5,22,16,23,29,19,30
16:36:21 2021/02/13,31,30,4,23,14,21,28,15,25
16:46:23 2021/02/13,27,30,6,26,14,16,30,16,28
16:56:25 2021/02/13,30,26,7,31,13,19,28,14,32
17:06:28 2021/02/13,33,29,7,33,15,22,30,14,28
17:16:31 2021/02/13,37,31,8,30,17,20,30,12,24
17:26:34 2021/02/13,39,33,6,27,17,18,29,12,28
17:36:36 2021/02/13,37,37,6,24,17,17,28,8,29
17:46:39 2021/02/13,41,37,7,25,16,19,25,4,27
17:56:42 2021/02/13,33,41,8,23,16,17,23,5,25
18:06:45 2021/02/13,33,43,9,21,16,12,23,4,20
18:16:48 2021/02/13,33,43,8,20,13,9,16,2,20
18:26:51 2021/02/13,32,42,9,21,12,8,16,2,19
18:36:54 2021/02/13,28,40,11,17,8,9,18,1,18
18:46:56 2021/02/13,23,39,7,16,8,11,24,1,16
18:56:58 2021/02/13,22,38,6,13,8,17,26,1,18
19:07:01 2021/02/13,24,35,6,13,8,22,24,,15
19:17:05 2021/02/13,21,31,4,10,8,22,22,,17
19:27:07 2021/02/13,19,27,6,7,7,24,19,,18
19:37:10 2021/02/13,14,28,4,5,9,22,19,,15
19:47:13 2021/02/13,13,23,5,4,9,22,16,,17
19:57:16 2021/02/13,10,26,6,6,10,17,10,,16
20:07:18 2021/02/13,13,24,9,6,10,9,11,,16
20:17:20 2021/02/13,13,26,8,8,12,8,11,,17
20:27:23 2021/02/13,12,28,7,8,11,10,9,,22
20:37:26 2021/02/13,12,30,6,9,9,9,8,,22
20:47:29 2021/02/13,14,28,4,9,13,7,8,,21
20:57:32 2021/02/13,12,22,5,10,12,10,7,,22
21:07:34 2021/02/13,15,21,3,8,10,14,7,,22
21:17:37 2021/02/13,17,21,2,11,8,14,8,,24
21:27:40 2021/02/13,14,23,2,9,7,11,7,,21
21:37:43 2021/02/13,14,21,2,8,9,9,7,,18
21:47:45 2021/02/13,15,18,2,8,10,9,7,,16
21:57:48 2021/02/13,16,21,1,8,6,8,6,,16
22:07:51 2021/02/13,13,17,,7,7,3,4,,13
22:17:54 2021/02/13,11,18,,5,7,2,3,,13
22:27:56 2021/02/13,8,10,,6,6,2,2,,13
22:37:58 2021/02/13,10,13,,7,6,2,2,,9
22:48:00 2021/02/13,10,11,2,11,3,4,3,,8
22:58:03 2021/02/13,8,8,4,12,3,8,3,,7
23:08:06 2021/02/13,6,7,4,11,2,7,1,,7
23:18:09 2021/02/13,7,7,4,12,2,7,1,,6
23:28:11 2021/02/13,6,8,4,11,4,6,1,,3
23:38:14 2021/02/13,4,7,4,9,4,6,1,,2
23:48:17 2021/02/13,4,4,2,6,4,6,,,2
23:58:20 2021/02/13,4,5,2,2,4,3,,,2
00:08:23 2021/02/14,3,6,,2,4,,1,,1
00:18:26 2021/02/14,2,5,,,4,,1,,3
00:28:28 2021/02/14,1,3,,,3,,1,,4
00:38:31 2021/02/14,1,2,1,1,1,,1,,3
00:48:34 2021/02/14,1,3,1,2,2,2,1,,3
00:58:37 2021/02/14,1,3,1,2,2,2,1,,4
01:08:39 2021/02/14,,2,1,4,2,2,,,4
01:18:42 2021/02/14,,3,1,4,1,2,,,3
01:28:44 2021/02/14,,3,1,5,1,2,,,2
01:38:47 2021/02/14,,3,1,5,1,2,,,1
01:48:49 2021/02/14,,3,,4,,2,,,1
01:58:52 2021/02/14,,3,,3,,,,,1
02:08:54 2021/02/14,,2,,2,,,,,
02:18:56 2021/02/14,,2,,1,4,,,,
02:28:59 2021/02/14,,2,,1,4,,,,
02:39:01 2021/02/14,,4,,1,4,,,,
02:49:03 2021/02/14,,4,,1,4,,,,
02:59:06 2021/02/14,,3,,1,4,,,,
03:09:08 2021/02/14,,3,,1,4,,,,
03:19:11 2021/02/14,,3,,2,2,,,,1
03:29:14 2021/02/14,,3,,1,1,,,,1
03:39:16 2021/02/14,,2,,1,1,,,,1
03:49:19 2021/02/14,,,,1,2,,,,1
03:59:21 2021/02/14,1,,,2,2,,,,1
04:09:23 2021/02/14,1,,,3,2,,1,,2
04:19:26 2021/02/14,1,,,2,2,,1,,2
04:29:29 2021/02/14,1,,,2,3,,1,,1
04:39:31 2021/02/14,2,,,2,2,,1,,1
04:49:33 2021/02/14,2,,,2,2,,2,,1
04:59:36 2021/02/14,2,1,,2,2,1,2,,3
05:09:39 2021/02/14,1,1,,2,2,1,2,,3
05:19:42 2021/02/14,3,2,1,1,2,2,1,,2
05:29:45 2021/02/14,4,2,1,1,1,2,1,,2
05:39:47 2021/02/14,6,3,2,2,1,2,2,,3
05:49:49 2021/02/14,6,3,2,2,1,3,1,,5
05:59:52 2021/02/14,8,3,2,2,1,2,1,,5
06:09:54 2021/02/14,11,5,2,1,,2,1,,7
06:19:57 2021/02/14,12,6,2,4,,2,2,,11
06:30:00 2021/02/14,11,7,2,5,,1,4,,11
06:40:02 2021/02/14,13,13,4,5,2,2,7,,13
06:50:05 2021/02/14,13,14,3,6,4,4,7,,12
07:00:08 2021/02/14,16,19,3,7,6,4,11,,13
07:10:10 2021/02/14,21,22,3,9,7,6,15,,14
07:20:12 2021/02/14,21,24,4,12,8,9,18,,13
07:30:15 2021/02/14,20,29,5,14,12,10,20,,15
07:40:17 2021/02/14,21,31,7,16,14,19,23,,15
07:50:20 2021/02/14,24,35,8,20,12,19,25,,19
08:00:23 2021/02/14,28,39,11,21,12,20,24,,19
08:10:26 2021/02/14,29,43,13,22,11,21,27,,23
08:20:28 2021/02/14,29,49,15,21,14,21,29,,24
08:30:31 2021/02/14,32,50,16,22,14,18,32,,25
08:40:33 2021/02/14,37,51,13,19,16,21,38,,24
08:50:35 2021/02/14,45,51,14,20,19,16,35,,31
09:00:38 2021/02/14,42,49,13,19,22,20,31,2,32
09:10:41 2021/02/14,43,51,12,22,22,21,37,4,35
09:20:44 2021/02/14,45,45,10,26,22,23,39,7,33
09:30:47 2021/02/14,42,46,8,29,24,23,36,10,34
09:40:50 2021/02/14,44,45,7,31,26,26,32,14,33
09:50:53 2021/02/14,45,50,8,29,23,29,28,15,37
10:00:55 2021/02/14,47,48,8,33,20,29,30,17,35
10:10:58 2021/02/14,48,49,7,25,18,31,33,16,31
10:21:00 2021/02/14,54,50,8,29,20,34,29,17,32
10:31:03 2021/02/14,54,53,9,28,22,32,24,19,35
10:41:06 2021/02/14,59,56,8,27,21,35,27,19,37
10:51:08 2021/02/14,59,65,7,28,25,35,27,17,38
11:01:11 2021/02/14,59,60,9,28,24,32,24,16,33
11:11:14 2021/02/14,52,64,9,25,23,30,28,16,31
11:21:16 2021/02/14,51,68,7,27,23,29,25,18,38
11:31:19 2021/02/14,47,68,7,30,23,28,24,15,34
11:41:21 2021/02/14,43,71,8,34,19,32,23,10,32
11:51:24 2021/02/14,41,66,7,31,19,33,19,8,41
12:01:27 2021/02/14,41,58,7,35,19,33,21,11,36
12:11:29 2021/02/14,45,61,6,34,21,34,20,11,38
12:21:32 2021/02/14,47,57,5,33,18,39,17,8,39
12:31:35 2021/02/14,49,49,8,35,18,35,18,9,30
12:41:38 2021/02/14,46,47,10,31,15,32,15,10,35
12:51:41 2021/02/14,49,41,8,32,14,28,19,12,33
13:01:44 2021/02/14,45,41,9,31,11,28,18,17,23
13:11:47 2021/02/14,47,39,13,24,8,31,15,14,25
13:21:49 2021/02/14,40,30,12,21,8,29,17,15,26
13:31:52 2021/02/14,41,28,12,21,9,26,17,16,33
13:41:55 2021/02/14,40,25,9,17,12,29,16,16,36
13:51:57 2021/02/14,38,29,7,17,15,26,26,14,33
14:02:00 2021/02/14,38,41,7,11,18,25,20,12,27
14:12:02 2021/02/14,27,42,3,13,16,16,21,13,30
14:22:06 2021/02/14,33,53,2,17,16,15,22,11,31
14:32:09 2021/02/14,34,56,2,16,17,12,19,12,21
14:42:12 2021/02/14,31,63,1,21,15,8,21,9,20
14:52:14 2021/02/14,29,57,1,20,13,11,15,9,20
15:02:17 2021/02/14,28,47,2,22,10,10,20,6,19
15:12:20 2021/02/14,27,46,3,19,11,10,21,11,22
15:22:23 2021/02/14,24,43,4,19,10,13,20,15,26
15:32:26 2021/02/14,21,37,5,21,11,18,23,15,29
15:42:28 2021/02/14,20,34,6,18,11,17,27,17,33
15:52:31 2021/02/14,26,34,10,19,12,17,27,18,32
16:02:34 2021/02/14,29,35,11,17,14,22,25,15,31
16:12:37 2021/02/14,31,28,11,17,13,23,22,15,29
16:22:40 2021/02/14,31,28,9,14,10,21,24,16,25
16:32:42 2021/02/14,33,29,8,15,11,18,24,15,23
16:42:44 2021/02/14,33,29,7,14,11,19,21,13,23
16:52:47 2021/02/14,40,27,4,19,10,19,16,12,23
17:02:50 2021/02/14,35,28,5,20,10,16,18,13,24
17:12:52 2021/02/14,34,32,3,21,10,13,19,9,24
17:22:55 2021/02/14,34,33,4,22,10,13,16,6,22
17:32:57 2021/02/14,35,33,7,23,9,16,17,6,27
17:42:59 2021/02/14,35,32,7,23,9,13,18,5,26
17:53:01 2021/02/14,24,33,7,19,12,14,19,3,25
18:03:04 2021/02/14,24,30,7,15,14,15,18,,24
18:13:06 2021/02/14,28,30,6,12,13,17,17,,21
18:23:09 2021/02/14,26,23,6,11,14,17,14,,18
18:33:12 2021/02/14,25,22,3,11,14,15,13,,15
18:43:15 2021/02/14,22,21,3,8,12,18,12,,13
18:53:17 2021/02/14,24,20,6,8,9,17,10,,18
19:03:21 2021/02/14,22,21,6,9,9,13,11,,19
19:13:23 2021/02/14,19,21,7,9,7,11,10,,22
19:23:26 2021/02/14,16,21,8,12,7,10,9,,23
19:33:29 2021/02/14,16,15,7,9,8,14,10,,22
19:43:32 2021/02/14,15,12,8,10,8,13,7,,20
19:53:34 2021/02/14,16,18,5,11,10,13,9,,16
20:03:37 2021/02/14,16,16,5,10,7,13,8,,14
20:13:39 2021/02/14,20,13,4,9,8,14,8,,19
20:23:42 2021/02/14,21,13,6,15,8,13,8,,19
20:33:44 2021/02/14,23,16,6,17,6,9,6,,21
20:43:46 2021/02/14,27,20,8,17,7,5,5,,22
20:53:49 2021/02/14,27,23,7,18,4,2,3,,19
21:03:52 2021/02/14,25,22,6,16,7,3,1,,19
21:13:54 2021/02/14,26,22,5,16,8,4,1,,14
21:23:57 2021/02/14,24,23,3,12,9,7,,,12
21:33:59 2021/02/14,17,22,2,10,9,9,1,,10
21:44:02 2021/02/14,16,19,,11,9,9,1,,7
21:54:05 2021/02/14,13,13,,11,11,9,1,,7
22:04:07 2021/02/14,11,11,3,12,8,8,2,,6
22:14:11 2021/02/14,8,12,3,14,6,8,4,,6
22:24:14 2021/02/14,9,10,4,11,6,4,5,,5
22:34:17 2021/02/14,9,9,4,11,4,2,5,,5
22:44:19 2021/02/14,7,9,4,8,3,2,4,,5
22:54:22 2021/02/14,6,7,4,6,4,7,4,,6
23:04:24 2021/02/14,5,7,1,6,4,8,3,,7
23:14:27 2021/02/14,4,4,2,3,6,9,2,,5
23:24:30 2021/02/14,3,5,1,3,5,8,1,,3
23:34:33 2021/02/14,4,5,1,,5,8,,,3
23:44:35 2021/02/14,4,2,2,1,5,8,,,3
23:54:37 2021/02/14,3,2,2,1,3,5,,,3
00:04:40 2021/02/15,2,2,2,1,3,2,,,2
00:14:43 2021/02/15,2,3,2,2,3,3,,,1
00:24:45 2021/02/15,2,2,2,2,2,4,,,1
00:34:48 2021/02/15,,2,2,2,2,4,,,1
00:44:51 2021/02/15,,2,2,1,2,3,,,1
00:54:53 2021/02/15,,2,1,1,2,4,,,1
01:04:56 2021/02/15,,2,1,1,2,4,,,
01:14:59 2021/02/15,,2,,,1,4,,,
01:25:02 2021/02/15,,1,,,,1,,,2
01:35:05 2021/02/15,,2,,,,2,,,2
01:45:07 2021/02/15,,2,,2,,2,,,2
01:55:10 2021/02/15,,2,,2,1,2,,,2
02:05:12 2021/02/15,,2,,2,1,1,,,2
02:15:15 2021/02/15,,2,,2,1,1,,,2
02:25:18 2021/02/15,,1,,2,1,1,,,
02:35:21 2021/02/15,,,1,2,1,,,,
02:45:24 2021/02/15,,,1,1,1,1,,,
02:55:27 2021/02/15,,,1,,,1,,,1
03:05:30 2021/02/15,,,1,,,1,,,1
03:15:33 2021/02/15,,,1,,,1,,,3
03:25:35 2021/02/15,,,1,,,1,,,3
03:35:38 2021/02/15,1,3,,1,1,3,,,3
03:45:40 2021/02/15,2,5,1,1,2,3,1,,3
03:55:43 2021/02/15,2,6,2,1,2,2,2,,2
04:05:46 2021/02/15,2,6,4,1,2,2,2,,2
04:15:49 2021/02/15,3,6,6,2,2,3,2,,
04:25:51 2021/02/15,3,7,9,6,2,3,2,,3
04:35:54 2021/02/15,5,6,10,5,5,4,2,,3
04:45:57 2021/02/15,5,8,11,6,4,5,4,,5
04:56:00 2021/02/15,8,10,10,7,4,7,9,,7
05:06:02 2021/02/15,10,18,10,10,7,15,13,,10
05:16:04 2021/02/15,17,25,9,13,10,19,16,,15
05:26:07 2021/02/15,20,29,7,12,12,23,23,,15
05:36:10 2021/02/15,28,37,10,17,17,26,37,,16
05:46:12 2021/02/15,36,47,14,23,17,24,46,,21
05:56:15 2021/02/15,43,55,17,30,20,28,50,,26
06:06:17 2021/02/15,63,55,24,37,33,27,59,10,34
06:16:20 2021/02/15,66,61,24,38,32,28,63,14,37
06:26:22 2021/02/15,68,69,24,45,31,28,67,18,39
06:36:25 2021/02/15,73,73,24,43,32,23,53,21,42
06:46:28 2021/02/15,72,63,21,40,31,28,45,23,50
06:56:30 2021/02/15,70,56,16,39,30,26,45,23,45
07:06:33 2021/02/15,58,55,12,37,24,25,36,21,36
07:16:35 2021/02/15,48,51,15,30,22,19,28,16,33
07:26:38 2021/02/15,39,41,16,29,22,16,21,16,29
07:36:40 2021/02/15,39,45,16,27,20,18,24,15,27
07:46:43 2021/02/15,35,38,15,24,19,18,24,12,22
07:56:46 2021/02/15,34,40,16,27,15,13,24,12,16
08:06:48 2021/02/15,29,43,16,26,15,11,21,14,17
08:16:51 2021/02/15,28,38,14,25,13,11,22,11,16
08:26:53 2021/02/15,30,33,13,21,13,14,23,13,13
08:36:56 2021/02/15,32,36,13,16,10,18,23,15,17
08:46:59 2021/02/15,32,35,12,19,9,21,20,13,21
08:57:02 2021/02/15,34,37,13,19,9,22,20,13,24
09:07:04 2021/02/15,42,44,14,22,11,29,23,13,30
09:17:07 2021/02/15,43,46,17,22,12,34,22,11,31
09:27:10 2021/02/15,42,51,16,20,11,40,18,10,35
09:37:12 2021/02/15,43,53,15,23,9,38,22,10,32
09:47:15 2021/02/15,39,50,19,25,14,39,20,7,33
09:57:18 2021/02/15,36,47,18,31,15,41,22,9,33
10:07:20 2021/02/15,33,37,18,29,18,31,21,14,33
10:17:23 2021/02/15,30,35,15,25,17,28,24,17,30
10:27:26 2021/02/15,29,40,10,27,20,24,25,17,26
10:37:28 2021/02/15,30,39,10,27,21,22,23,18,31
10:47:31 2021/02/15,30,39,11,32,21,16,26,20,30
10:57:33 2021/02/15,27,42,12,32,18,16,26,18,30
11:07:36 2021/02/15,30,43,12,28,17,19,25,16,31
11:17:39 2021/02/15,25,43,11,30,13,25,21,13,25
11:27:42 2021/02/15,26,41,13,28,12,26,26,8,28
11:37:45 2021/02/15,25,43,12,29,12,26,27,6,30
11:47:47 2021/02/15,26,40,9,27,18,27,22,8,26
11:57:50 2021/02/15,26,36,8,23,15,29,21,5,32
12:07:52 2021/02/15,29,34,5,21,18,31,23,5,35
12:17:55 2021/02/15,27,40,5,22,19,29,25,6,35
12:27:58 2021/02/15,28,42,5,19,19,23,27,8,30
12:38:00 2021/02/15,30,33,7,20,19,25,25,13,34
12:48:02 2021/02/15,34,37,9,15,15,28,25,15,30
12:58:05 2021/02/15,42,40,9,17,13,29,25,18,32
13:08:07 2021/02/15,45,41,8,18,15,32,23,19,29
13:18:10 2021/02/15,37,44,9,18,13,30,25,21,33
13:28:13 2021/02/15,38,51,11,21,9,36,21,22,34
13:38:16 2021/02/15,37,57,12,25,11,38,20,19,33
13:48:19 2021/02/15,34,61,12,28,14,37,24,17,32
13:58:21 2021/02/15,30,60,13,28,13,32,21,11,33
14:08:24 2021/02/15,30,55,12,31,15,29,28,13,31
14:18:27 2021/02/15,26,59,11,34,15,31,28,13,32
14:28:30 2021/02/15,27,57,11,35,15,32,26,13,29
14:38:33 2021/02/15,26,60,9,34,14,34,28,17,32
14:48:36 2021/02/15,23,57,6,27,13,28,23,17,36
14:58:39 2021/02/15,29,53,5,31,11,27,21,23,36
15:08:42 2021/02/15,30,54,6,37,12,34,23,23,36
15:18:45 2021/02/15,32,56,8,35,8,32,21,20,37
15:28:48 2021/02/15,36,55,13,33,7,33,31,25,40
15:38:51 2021/02/15,36,57,15,42,8,30,35,22,36
15:48:54 2021/02/15,45,57,20,42,9,35,41,18,42
15:58:56 2021/02/15,53,54,25,42,11,41,46,17,41
16:08:59 2021/02/15,53,56,28,43,12,48,49,15,48
16:19:01 2021/02/15,58,61,28,45,15,48,52,17,53
16:29:04 2021/02/15,63,75,31,45,20,48,56,18,59
16:39:07 2021/02/15,68,83,28,53,21,48,51,15,66
16:49:09 2021/02/15,65,86,29,47,23,48,52,15,64
16:59:12 2021/02/15,65,78,30,54,30,50,49,19,65
17:09:14 2021/02/15,70,81,31,56,32,54,62,24,67
17:19:17 2021/02/15,73,86,32,63,36,55,61,23,71
17:29:20 2021/02/15,71,91,33,57,33,55,61,30,69
17:39:22 2021/02/15,74,89,34,60,30,59,56,32,66
17:49:25 2021/02/15,74,87,36,54,32,59,57,33,68
17:59:28 2021/02/15,67,94,36,53,40,57,53,31,69
18:09:31 2021/02/15,68,94,38,55,37,49,49,32,78
18:19:33 2021/02/15,70,99,37,57,34,43,40,33,87
18:29:36 2021/02/15,71,99,35,59,37,42,37,32,88
18:39:38 2021/02/15,71,83,34,63,40,48,43,34,84
18:49:41 2021/02/15,67,84,34,59,40,55,45,36,80
18:59:44 2021/02/15,72,83,30,65,30,57,49,38,76
19:09:46 2021/02/15,66,86,27,67,29,64,55,33,73
19:19:49 2021/02/15,55,78,26,58,28,63,57,33,62
19:29:51 2021/02/15,61,75,27,56,27,59,51,33,59
19:39:54 2021/02/15,59,74,23,51,31,48,47,33,65
19:49:56 2021/02/15,52,77,21,53,32,42,41,28,75
19:59:59 2021/02/15,50,82,26,52,31,42,38,23,81
20:10:02 2021/02/15,46,85,29,48,33,34,38,22,79
20:20:04 2021/02/15,55,87,24,48,32,38,31,23,75
20:30:07 2021/02/15,47,96,23,49,32,33,32,20,77
20:40:09 2021/02/15,41,91,22,45,28,34,31,13,76
20:50:12 2021/02/15,40,88,23,44,25,28,32,7,75
21:00:14 2021/02/15,41,81,26,40,20,31,34,8,63
21:10:17 2021/02/15,38,73,22,35,22,29,31,9,55
21:20:20 2021/02/15,37,68,20,29,17,29,24,8,55
21:30:22 2021/02/15,33,63,19,25,15,29,25,8,52
21:40:24 2021/02/15,31,53,19,21,11,31,23,7,50
21:50:27 2021/02/15,27,51,18,16,12,26,22,2,36
22:00:29 2021/02/15,27,51,14,13,14,31,17,,32
22:10:32 2021/02/15,26,47,13,13,16,27,11,,32
22:20:35 2021/02/15,25,41,7,12,16,24,11,,29
22:30:37 2021/02/15,19,35,6,11,16,19,11,,26
22:40:40 2021/02/15,13,29,6,12,19,13,8,,21
22:50:42 2021/02/15,12,23,4,13,18,15,8,,18
23:00:45 2021/02/15,12,20,4,12,17,15,6,,15
23:10:48 2021/02/15,10,16,4,13,12,12,4,,14
23:20:50 2021/02/15,6,11,2,8,9,9,6,,11
23:30:53 2021/02/15,5,10,2,7,4,8,6,,9
23:40:56 2021/02/15,4,11,,6,4,8,5,,6
23:50:58 2021/02/15,3,9,,5,1,5,3,,6
00:01:01 2021/02/16,4,8,,6,2,4,2,,4
00:11:03 2021/02/16,3,9,1,6,2,5,2,,6
00:21:05 2021/02/16,2,5,1,4,3,4,1,,5
00:31:08 2021/02/16,2,5,1,4,4,4,,,4
00:41:11 2021/02/16,2,6,1,3,4,4,,,4
00:51:14 2021/02/16,2,2,1,2,4,3,,,4
01:01:16 2021/02/16,1,2,1,,5,3,,,3
01:11:18 2021/02/16,2,3,1,,4,2,,,3
01:21:21 2021/02/16,2,2,,,3,,,,2
01:31:23 2021/02/16,1,2,,1,2,,,,1
01:41:26 2021/02/16,1,2,,2,1,1,,,1
01:51:28 2021/02/16,1,1,,2,1,1,,,1
02:01:31 2021/02/16,1,1,,2,1,1,,,2
02:11:34 2021/02/16,1,1,,2,1,1,,,2
02:21:36 2021/02/16,,,,2,1,1,,,2
02:31:39 2021/02/16,,,,2,2,1,,,1
02:41:42 2021/02/16,,,,1,2,1,,,1
02:51:45 2021/02/16,,,,,3,,,,1
03:01:48 2021/02/16,,,,,3,,,,2
03:11:51 2021/02/16,,,,,4,,,,1
03:21:53 2021/02/16,1,,,1,3,,,,1
03:31:56 2021/02/16,1,,1,2,3,,,,1
03:41:58 2021/02/16,2,3,2,2,2,1,,,1
03:52:01 2021/02/16,3,3,3,2,1,2,1,,2
04:02:04 2021/02/16,3,4,4,2,1,3,1,,1
04:12:06 2021/02/16,4,5,8,3,1,3,2,,2
04:22:09 2021/02/16,4,10,9,6,1,3,3,,4
04:32:12 2021/02/16,7,13,8,6,1,4,3,,4
04:42:15 2021/02/16,10,12,9,7,1,5,6,,6
04:52:18 2021/02/16,13,16,12,9,1,4,7,,5
05:02:21 2021/02/16,20,23,13,11,5,6,11,,7
05:12:24 2021/02/16,24,31,11,13,5,13,21,,10
05:22:27 2021/02/16,31,36,10,15,11,22,30,,15
05:32:29 2021/02/16,36,43,19,20,15,26,34,,23
05:42:31 2021/02/16,37,56,22,31,18,29,38,,30
05:52:33 2021/02/16,44,64,22,40,20,34,39,,40
06:02:35 2021/02/16,58,67,22,46,26,40,45,13,55
06:12:38 2021/02/16,64,72,24,51,32,41,47,17,65
06:22:40 2021/02/16,65,69,29,56,32,45,45,19,67
06:32:42 2021/02/16,71,67,22,54,31,43,44,25,69
06:42:45 2021/02/16,77,53,19,46,32,40,39,28,67
06:52:48 2021/02/16,77,52,20,42,36,38,39,32,56
07:02:50 2021/02/16,67,43,19,39,33,33,37,18,50
07:12:52 2021/02/16,57,45,23,39,27,24,32,22,38
07:22:55 2021/02/16,55,45,18,32,28,18,30,22,35
07:32:57 2021/02/16,51,42,20,33,25,18,27,16,35
07:42:59 2021/02/16,44,46,23,31,23,19,27,16,32
07:53:02 2021/02/16,41,48,23,29,21,18,28,12,32
08:03:05 2021/02/16,37,49,20,29,22,21,26,12,26
08:13:07 2021/02/16,39,44,13,21,17,25,21,7,22
08:23:10 2021/02/16,35,40,15,20,11,27,19,6,19
08:33:13 2021/02/16,36,36,14,16,13,30,20,4,17
08:43:16 2021/02/16,40,34,16,13,14,31,21,6,16
08:53:18 2021/02/16,39,33,14,13,11,38,19,7,20
09:03:21 2021/02/16,44,32,15,10,12,43,23,8,25
09:13:24 2021/02/16,46,41,18,21,13,40,26,11,28
09:23:27 2021/02/16,50,47,18,31,14,40,28,9,30
09:33:29 2021/02/16,50,54,16,33,14,36,32,10,34
09:43:31 2021/02/16,45,56,14,35,13,37,32,9,38
09:53:34 2021/02/16,47,56,12,35,10,32,39,10,29
10:03:37 2021/02/16,44,56,9,36,8,37,43,9,32
10:13:39 2021/02/16,40,54,7,29,10,36,40,6,33
10:23:41 2021/02/16,39,48,7,18,12,35,35,7,32
10:33:44 2021/02/16,36,40,8,18,11,34,33,7,33
10:43:46 2021/02/16,35,37,4,18,10,33,34,5,35
10:53:49 2021/02/16,31,34,5,20,11,36,27,7,37
11:03:51 2021/02/16,33,38,6,25,13,27,23,8,37
11:13:54 2021/02/16,37,31,9,29,11,28,21,11,32
11:23:57 2021/02/16,33,31,7,31,12,26,20,11,32
11:34:00 2021/02/16,37,38,6,29,14,28,18,12,29
11:44:03 2021/02/16,36,40,6,26,15,36,19,12,25
11:54:06 2021/02/16,33,41,8,28,15,33,21,11,23
12:04:08 2021/02/16,28,45,9,24,19,34,19,11,20
12:14:11 2021/02/16,26,47,9,18,20,36,21,11,24
12:24:14 2021/02/16,22,51,9,20,18,35,20,12,24
12:34:17 2021/02/16,19,53,10,27,22,31,18,9,25
12:44:20 2021/02/16,19,52,9,30,23,24,18,9,26
12:54:23 2021/02/16,22,52,8,27,27,23,15,11,28
13:04:26 2021/02/16,22,44,7,28,24,18,19,9,29
13:14:29 2021/02/16,20,44,6,31,17,19,18,7,30
13:24:32 2021/02/16,24,40,5,29,17,21,16,9,28
13:34:35 2021/02/16,30,39,8,23,16,19,17,13,26
13:44:37 2021/02/16,34,38,8,19,10,26,18,15,29
13:54:40 2021/02/16,34,46,8,23,7,25,18,17,27
14:04:43 2021/02/16,34,53,9,25,7,25,16,19,25
14:14:46 2021/02/16,31,52,11,23,10,28,16,19,27
14:24:48 2021/02/16,28,53,12,19,10,27,19,19,34
14:34:51 2021/02/16,27,46,11,20,10,27,23,16,33
14:44:54 2021/02/16,26,47,11,21,10,28,28,18,32
14:54:56 2021/02/16,22,47,12,16,13,31,29,17,30
15:04:59 2021/02/16,22,41,12,16,14,32,33,19,37
15:15:01 2021/02/16,26,36,11,14,11,33,31,20,34
15:25:04 2021/02/16,29,39,11,16,14,31,30,22,35
15:35:07 2021/02/16,34,42,16,20,18,33,28,25,47
15:45:10 2021/02/16,36,44,14,24,19,38,32,21,49
15:55:13 2021/02/16,42,52,17,31,19,37,35,22,52
16:05:16 2021/02/16,58,55,22,38,19,46,31,27,51
16:15:18 2021/02/16,55,58,23,39,18,45,38,26,58
16:25:21 2021/02/16,62,70,31,43,19,52,39,26,60
16:35:24 2021/02/16,62,78,28,42,18,57,40,25,55
16:45:26 2021/02/16,65,84,27,43,22,54,35,26,47
16:55:29 2021/02/16,60,80,26,43,26,58,41,26,49
17:05:32 2021/02/16,55,89,23,43,28,58,39,33,51
17:15:36 2021/02/16,57,92,20,43,34,59,42,35,56
17:25:38 2021/02/16,58,95,15,46,39,61,40,39,65
17:35:41 2021/02/16,54,95,16,59,41,56,44,43,71
17:45:43 2021/02/16,59,97,21,58,41,58,53,39,70
17:55:46 2021/02/16,63,94,22,57,42,54,49,41,78
18:05:49 2021/02/16,63,87,27,53,46,47,52,41,84
18:15:51 2021/02/16,65,83,25,58,41,45,48,38,89
18:25:54 2021/02/16,64,75,31,59,41,50,54,36,85
18:35:56 2021/02/16,69,74,31,50,43,50,60,36,81
18:45:59 2021/02/16,61,73,33,49,48,52,54,33,79
18:56:02 2021/02/16,59,85,27,57,40,56,58,36,77
19:06:04 2021/02/16,55,94,25,59,38,58,55,28,74
19:16:06 2021/02/16,54,94,24,59,39,57,50,22,64
19:26:09 2021/02/16,58,93,22,55,38,49,48,18,54
19:36:12 2021/02/16,51,92,20,55,35,45,41,21,56
19:46:15 2021/02/16,53,86,19,49,28,35,33,26,53
19:56:18 2021/02/16,52,76,20,40,29,26,36,30,60
20:06:21 2021/02/16,56,74,23,35,32,29,30,31,59
20:16:23 2021/02/16,62,67,26,37,29,25,34,30,54
20:26:26 2021/02/16,58,62,26,34,24,26,31,30,53
20:36:29 2021/02/16,53,59,27,32,22,24,31,29,53
20:46:31 2021/02/16,55,62,27,37,22,24,33,29,54
20:56:34 2021/02/16,46,49,21,28,13,18,21,11,38
21:06:37 2021/02/16,47,49,21,28,15,20,21,11,41
21:16:39 2021/02/16,32,25,13,16,6,11,12,4,23
21:26:42 2021/02/16,19,24,7,14,8,11,6,3,20
21:36:45 2021/02/16,15,22,5,14,5,6,6,2,17
21:46:47 2021/02/16,10,22,5,10,8,9,2,,14
21:56:50 2021/02/16,15,26,6,12,11,9,4,,18
22:06:52 2021/02/16,18,25,6,11,13,7,6,,16
22:16:55 2021/02/16,18,27,5,12,14,6,7,,19
22:26:58 2021/02/16,20,29,6,12,16,7,8,,24
22:37:01 2021/02/16,19,25,4,11,15,7,9,,22
22:47:03 2021/02/16,17,25,3,8,15,5,8,,22
22:57:06 2021/02/16,14,22,3,8,11,3,6,,19
23:07:08 2021/02/16,9,16,4,6,8,3,4,,17
23:17:11 2021/02/16,5,17,4,9,6,4,3,,11
23:27:13 2021/02/16,4,16,3,10,6,2,3,,10
23:37:16 2021/02/16,2,14,3,10,3,1,2,,9
23:47:19 2021/02/16,2,13,3,9,3,1,2,,8
23:57:22 2021/02/16,2,8,4,8,1,2,2,,9
00:07:24 2021/02/17,2,8,3,7,1,2,2,,9
00:17:27 2021/02/17,2,8,3,7,1,3,2,,7
00:27:30 2021/02/17,2,5,3,2,1,2,2,,7
00:37:33 2021/02/17,2,5,3,2,1,2,2,,5
00:47:36 2021/02/17,2,4,3,2,1,2,,,7
00:57:39 2021/02/17,3,2,1,,1,1,,,7
01:07:41 2021/02/17,2,1,1,,1,1,,,6
01:17:45 2021/02/17,2,3,,,1,1,,,6
01:27:47 2021/02/17,1,2,,,,,,,5
01:37:49 2021/02/17,1,4,,,,1,,,4
01:47:52 2021/02/17,1,4,,,,1,,,4
01:57:55 2021/02/17,1,4,,,1,1,,,3
02:07:58 2021/02/17,,4,,,2,1,,,3
02:18:00 2021/02/17,,4,,,2,1,,,2
02:28:03 2021/02/17,,3,,1,2,1,,,2
02:38:05 2021/02/17,,2,,1,2,,,,2
02:48:07 2021/02/17,,2,,1,2,,,,3
02:58:10 2021/02/17,,2,,1,1,,,,3
03:08:12 2021/02/17,,2,,3,1,,,,1
03:18:15 2021/02/17,,3,,3,,,,,1
03:28:17 2021/02/17,,2,,3,,,,,1
03:38:20 2021/02/17,1,3,1,3,,1,,,1
03:48:22 2021/02/17,2,3,1,3,1,1,1,,1
03:58:25 2021/02/17,2,5,2,4,1,1,1,,
04:08:27 2021/02/17,2,5,4,4,2,1,2,,1
04:18:30 2021/02/17,3,5,6,6,4,1,2,,1
04:28:33 2021/02/17,5,9,6,6,4,2,3,,1
04:38:36 2021/02/17,5,12,7,7,7,1,4,,1
04:48:38 2021/02/17,4,14,11,7,7,3,5,,5
04:58:41 2021/02/17,7,15,11,10,7,9,6,,7
05:08:43 2021/02/17,12,28,12,15,7,16,18,,11
05:18:46 2021/02/17,23,41,13,20,8,22,21,,14
05:28:49 2021/02/17,23,47,14,21,9,23,26,,19
05:38:51 2021/02/17,29,53,20,29,15,25,33,,25
05:48:54 2021/02/17,39,56,22,34,15,30,42,,29
05:58:56 2021/02/17,47,65,23,40,18,35,47,8,40
06:08:58 2021/02/17,66,76,32,47,22,42,58,13,49
06:19:00 2021/02/17,68,76,31,46,23,44,60,21,56
06:29:03 2021/02/17,69,78,29,53,29,39,61,26,61
06:39:06 2021/02/17,80,77,27,54,30,42,54,29,60
06:49:08 2021/02/17,78,80,20,53,33,40,53,33,68
06:59:11 2021/02/17,79,76,16,53,34,39,47,34,61
07:09:13 2021/02/17,67,71,10,46,36,32,45,25,56
07:19:16 2021/02/17,54,53,9,47,36,26,37,24,49
07:29:19 2021/02/17,49,55,11,38,32,29,38,17,41
07:39:22 2021/02/17,43,54,12,31,26,34,35,13,37
07:49:24 2021/02/17,34,49,16,24,24,34,33,13,34
07:59:27 2021/02/17,32,43,16,21,20,36,33,13,30
08:09:30 2021/02/17,27,42,16,20,21,32,33,13,25
08:19:33 2021/02/17,30,43,12,17,16,34,29,11,26
08:29:35 2021/02/17,28,41,15,15,16,31,28,5,25
08:39:38 2021/02/17,31,34,17,17,17,29,23,8,25
08:49:41 2021/02/17,36,40,17,18,18,29,25,9,30
08:59:44 2021/02/17,43,39,14,20,17,28,32,12,31
09:09:46 2021/02/17,44,46,17,24,14,24,35,17,28
09:19:49 2021/02/17,44,50,16,21,12,29,36,17,32
09:29:52 2021/02/17,46,55,19,23,17,29,36,19,31
09:39:54 2021/02/17,49,55,12,27,19,30,34,20,34
09:49:57 2021/02/17,49,65,9,29,22,28,36,20,34
09:59:59 2021/02/17,48,60,8,30,20,23,33,20,31
10:10:02 2021/02/17,44,61,11,24,20,27,30,17,32
10:20:04 2021/02/17,42,58,9,19,23,33,26,14,35
10:30:07 2021/02/17,36,54,12,20,22,35,25,15,32
10:40:10 2021/02/17,37,48,10,21,21,35,25,12,31
10:50:12 2021/02/17,30,54,13,19,19,34,27,12,35
11:00:16 2021/02/17,28,47,14,21,14,34,30,11,37
11:10:19 2021/02/17,28,50,15,20,14,37,29,13,44
11:20:21 2021/02/17,27,47,12,24,13,32,30,15,40
11:30:24 2021/02/17,29,52,13,30,10,23,26,18,40
11:40:26 2021/02/17,37,53,10,29,8,22,32,18,40
11:50:28 2021/02/17,41,56,8,30,4,25,30,17,40
12:00:31 2021/02/17,42,57,5,30,10,27,30,19,37
12:10:34 2021/02/17,38,58,6,25,13,26,27,17,30
12:20:38 2021/02/17,35,58,5,25,17,25,28,15,25
12:30:41 2021/02/17,38,51,7,20,19,26,27,11,32
12:40:44 2021/02/17,42,52,6,18,19,30,25,9,32
12:50:46 2021/02/17,41,55,6,25,21,32,20,9,33
13:00:49 2021/02/17,38,44,5,23,20,26,21,8,30
13:10:51 2021/02/17,39,51,6,20,17,23,24,7,28
13:20:54 2021/02/17,40,47,7,21,16,21,25,7,34
13:30:57 2021/02/17,40,51,9,27,14,20,23,8,36
13:41:00 2021/02/17,40,53,6,28,14,13,27,7,28
13:51:02 2021/02/17,27,39,7,22,13,11,24,8,27
14:01:05 2021/02/17,31,52,8,22,16,12,26,13,29
14:11:08 2021/02/17,26,60,9,24,18,12,27,15,40
14:21:11 2021/02/17,27,47,4,21,12,13,22,15,29
14:31:14 2021/02/17,28,44,5,18,9,15,22,18,32
14:41:17 2021/02/17,30,44,9,17,9,17,21,20,36
14:51:20 2021/02/17,38,48,13,13,8,14,20,19,33
15:01:22 2021/02/17,45,55,21,23,11,18,25,22,38
15:11:25 2021/02/17,43,43,19,21,12,19,23,18,29
15:21:27 2021/02/17,37,50,21,28,17,20,20,19,34
15:31:30 2021/02/17,56,64,25,34,23,23,25,27,41
15:41:33 2021/02/17,57,55,22,36,25,24,23,22,41
15:51:37 2021/02/17,54,63,21,43,30,34,28,20,51
16:01:39 2021/02/17,62,82,23,49,31,48,35,20,56
16:11:41 2021/02/17,64,78,18,40,24,49,34,24,50
16:21:44 2021/02/17,74,86,19,43,29,56,45,25,58
16:31:48 2021/02/17,68,78,17,38,24,58,44,24,50
16:41:50 2021/02/17,54,72,15,38,18,60,43,19,44
16:51:53 2021/02/17,48,78,18,35,13,62,45,22,47
17:01:55 2021/02/17,56,89,22,45,15,64,51,25,62
17:11:58 2021/02/17,49,64,18,42,21,51,40,19,58
17:22:00 2021/02/17,45,68,24,44,21,46,36,23,60
17:32:03 2021/02/17,47,74,25,50,27,49,37,28,66
17:42:06 2021/02/17,55,78,24,52,34,42,39,29,65
17:52:09 2021/02/17,59,69,22,55,39,41,39,29,64
18:02:12 2021/02/17,64,69,20,50,46,44,41,32,61
18:12:14 2021/02/17,61,74,22,52,38,45,44,34,60
18:22:16 2021/02/17,66,70,19,57,38,48,40,34,60
18:32:19 2021/02/17,67,73,19,54,45,47,49,34,67
18:42:21 2021/02/17,54,63,16,46,36,47,38,33,62
18:52:23 2021/02/17,48,67,13,41,33,42,35,32,60
19:02:26 2021/02/17,46,69,14,41,27,45,33,28,57
19:12:29 2021/02/17,41,62,16,39,29,36,30,22,53
19:22:31 2021/02/17,38,59,15,33,27,41,31,22,53
19:32:34 2021/02/17,40,63,24,38,22,38,25,20,46
19:42:37 2021/02/17,40,57,24,34,20,31,26,14,44
19:52:39 2021/02/17,41,57,22,41,22,29,23,17,42
20:02:42 2021/02/17,48,66,26,43,24,33,25,21,52
20:12:45 2021/02/17,40,54,23,40,20,29,20,21,49
20:22:47 2021/02/17,42,53,22,43,20,27,21,19,45
20:32:50 2021/02/17,35,59,20,46,19,27,27,21,50
20:42:52 2021/02/17,31,58,13,41,17,26,24,22,47
20:52:55 2021/02/17,26,51,13,34,14,24,23,15,50
21:02:58 2021/02/17,30,56,13,36,14,27,26,14,53
21:13:00 2021/02/17,22,46,9,29,12,18,21,13,45
21:23:03 2021/02/17,19,53,9,27,10,13,16,9,40
21:33:06 2021/02/17,22,47,7,26,8,13,14,7,39
21:43:08 2021/02/17,22,38,7,23,8,10,12,4,32
21:53:11 2021/02/17,23,32,7,22,13,9,13,4,27
22:03:13 2021/02/17,19,29,5,18,13,7,10,3,21
22:13:16 2021/02/17,20,30,4,15,11,7,11,,18
22:23:18 2021/02/17,17,20,3,12,13,5,12,,13
22:33:21 2021/02/17,13,17,4,5,13,4,6,,12
22:43:23 2021/02/17,10,19,4,6,13,5,5,,11
22:53:26 2021/02/17,12,20,4,7,13,6,5,,14
23:03:29 2021/02/17,9,14,3,5,7,6,4,,9
23:13:31 2021/02/17,8,13,3,6,8,8,3,,10
23:23:34 2021/02/17,4,7,2,5,6,9,1,,10
23:33:37 2021/02/17,4,7,1,4,7,11,1,,8
23:43:39 2021/02/17,4,8,1,4,7,12,1,,9
23:53:42 2021/02/17,4,4,,1,5,9,1,,5
00:03:44 2021/02/18,4,6,,1,5,9,1,,5
00:13:47 2021/02/18,3,5,,,4,6,,,4
00:23:49 2021/02/18,3,5,,1,5,3,,,3
00:33:52 2021/02/18,3,5,,1,3,3,,,4
00:43:54 2021/02/18,3,5,,1,3,4,,,3
00:53:57 2021/02/18,1,4,,1,2,4,1,,3
01:04:00 2021/02/18,1,3,,1,2,4,1,,3
01:14:03 2021/02/18,,3,,1,1,4,1,,3
01:24:06 2021/02/18,,2,,,,4,1,,3
01:34:09 2021/02/18,,2,,,,5,2,,2
01:44:11 2021/02/18,,3,,,,1,2,,
01:54:13 2021/02/18,,3,,,,1,1,,
02:04:16 2021/02/18,,3,,,,1,1,,
02:14:19 2021/02/18,1,3,,,,1,1,,
02:24:22 2021/02/18,1,3,,,,2,1,,
02:34:25 2021/02/18,1,3,,,,2,1,,
02:44:27 2021/02/18,1,2,,,,1,,,
02:54:30 2021/02/18,1,1,,,1,1,,,
03:04:33 2021/02/18,1,,,,2,1,,,
03:14:36 2021/02/18,,,,,2,1,,,1
03:24:38 2021/02/18,1,1,,1,2,1,,,1
03:34:41 2021/02/18,2,1,,1,2,1,,,1
03:44:44 2021/02/18,3,1,1,2,2,1,,,1
03:54:47 2021/02/18,4,2,1,2,1,1,1,,1
04:04:49 2021/02/18,4,5,2,3,2,1,1,,1
04:14:52 2021/02/18,4,5,3,3,3,1,1,,
04:24:55 2021/02/18,4,7,6,4,5,3,2,,1
04:34:58 2021/02/18,6,9,8,4,5,3,2,,4
04:45:00 2021/02/18,8,14,11,3,6,6,5,,6
04:55:04 2021/02/18,12,17,12,3,7,8,7,,9
05:05:06 2021/02/18,18,21,14,5,6,11,11,,11
05:15:09 2021/02/18,21,29,16,5,7,17,14,,13
05:25:11 2021/02/18,30,29,16,8,7,20,21,,18
05:35:13 2021/02/18,39,36,22,17,11,22,31,,23
05:45:16 2021/02/18,42,45,21,26,12,25,42,,32
05:55:18 2021/02/18,48,51,25,28,18,29,42,4,38
06:05:21 2021/02/18,56,53,28,32,24,38,46,9,55
06:15:23 2021/02/18,66,53,27,40,26,46,44,14,56
06:25:25 2021/02/18,66,55,28,44,28,45,49,15,58
06:35:28 2021/02/18,70,60,25,45,25,44,43,16,55
06:45:31 2021/02/18,67,56,21,38,26,41,30,18,55
06:55:33 2021/02/18,66,54,17,41,27,38,26,21,50
07:05:36 2021/02/18,63,56,14,40,28,31,28,16,44
07:15:38 2021/02/18,51,54,19,37,23,19,29,12,36
07:25:41 2021/02/18,46,51,21,30,23,16,25,13,34
07:35:44 2021/02/18,35,49,20,27,23,21,22,15,35
07:45:46 2021/02/18,32,46,18,19,25,19,23,17,34
07:55:49 2021/02/18,32,44,19,14,21,23,25,16,29
08:05:51 2021/02/18,30,45,20,14,18,23,24,17,23
08:15:54 2021/02/18,33,45,16,15,16,29,20,18,20
08:25:57 2021/02/18,33,44,11,16,10,31,15,17,20
08:36:00 2021/02/18,40,41,11,16,12,33,16,16,19
08:46:03 2021/02/18,39,47,16,17,11,30,18,13,20
08:56:05 2021/02/18,42,53,16,19,12,29,23,10,27
09:06:07 2021/02/18,48,54,14,26,10,28,25,9,32
09:16:10 2021/02/18,45,59,14,28,15,28,30,10,33
09:26:13 2021/02/18,45,62,15,27,16,26,32,8,36
09:36:15 2021/02/18,48,57,16,28,12,30,34,8,43
09:46:18 2021/02/18,49,53,16,27,13,32,33,10,46
09:56:21 2021/02/18,44,49,13,28,14,31,30,13,38
10:06:24 2021/02/18,43,40,12,25,14,32,29,14,38
10:16:26 2021/02/18,39,37,13,24,16,28,25,12,40
10:26:29 2021/02/18,36,34,9,26,16,27,23,11,36
10:36:32 2021/02/18,34,37,10,22,16,26,20,11,32
10:46:34 2021/02/18,31,44,9,21,17,19,22,13,26
10:56:37 2021/02/18,33,44,9,18,16,17,26,10,26
11:06:40 2021/02/18,37,42,9,19,16,21,24,10,29
11:16:43 2021/02/18,36,40,11,19,10,23,26,12,29
11:26:45 2021/02/18,36,39,12,19,8,27,26,11,34
11:36:48 2021/02/18,30,42,13,18,10,24,27,14,31
11:46:52 2021/02/18,30,39,12,20,12,24,26,12,32
11:56:55 2021/02/18,28,37,9,23,11,28,24,11,35
12:06:57 2021/02/18,24,36,9,25,13,29,20,12,36
12:17:00 2021/02/18,24,38,8,25,13,36,23,10,32
12:27:03 2021/02/18,26,39,7,26,16,32,21,14,32
12:37:06 2021/02/18,25,39,7,25,18,32,20,14,31
12:47:08 2021/02/18,33,32,7,26,18,30,20,15,34
12:57:11 2021/02/18,35,29,7,23,21,27,17,14,36
13:07:13 2021/02/18,31,29,7,24,18,23,16,14,33
13:17:16 2021/02/18,35,28,9,23,16,18,14,16,36
13:27:18 2021/02/18,31,24,8,26,18,15,10,16,31
13:37:21 2021/02/18,32,24,7,22,14,12,10,13,27
13:47:25 2021/02/18,30,21,8,26,17,15,9,10,24
13:57:27 2021/02/18,29,25,7,26,13,23,10,8,22
14:07:30 2021/02/18,33,31,5,26,12,26,15,7,24
14:17:32 2021/02/18,33,29,4,27,13,25,23,9,24
14:27:35 2021/02/18,34,35,4,30,14,24,23,9,23
14:37:38 2021/02/18,32,41,8,30,12,28,25,11,27
14:47:41 2021/02/18,34,42,7,30,16,27,25,11,34
14:57:43 2021/02/18,26,45,9,27,12,29,26,13,35
15:07:46 2021/02/18,28,51,9,28,11,23,22,15,39
15:17:49 2021/02/18,22,54,10,30,12,23,21,19,38
15:27:52 2021/02/18,30,54,12,28,12,27,15,18,37
15:37:54 2021/02/18,32,54,18,29,15,32,18,18,35
15:47:57 2021/02/18,44,52,16,29,18,34,18,20,39
15:58:00 2021/02/18,51,59,23,28,15,36,25,22,38
16:08:03 2021/02/18,60,64,25,25,23,41,29,26,41
16:18:06 2021/02/18,72,75,25,24,25,38,34,27,45
16:28:08 2021/02/18,71,80,26,27,23,35,37,25,49
16:38:11 2021/02/18,69,88,27,32,21,36,37,31,50
16:48:14 2021/02/18,76,91,26,33,21,44,40,32,52
16:58:17 2021/02/18,68,93,20,43,19,52,40,39,48
17:08:19 2021/02/18,67,93,24,43,13,46,38,41,49
17:18:22 2021/02/18,70,83,28,48,14,49,36,41,52
17:28:25 2021/02/18,66,84,25,55,18,54,39,47,55
17:38:27 2021/02/18,65,87,25,57,18,59,45,45,55
17:48:29 2021/02/18,59,84,26,52,21,54,43,39,62
17:58:32 2021/02/18,53,85,25,54,22,47,39,36,60
18:08:35 2021/02/18,52,78,22,54,28,51,34,35,69
18:18:38 2021/02/18,55,79,20,51,29,49,34,29,66
18:28:41 2021/02/18,56,72,15,52,24,47,34,22,59
18:38:44 2021/02/18,48,73,16,42,28,43,29,16,68
18:48:47 2021/02/18,48,65,16,43,32,42,28,19,64
18:58:50 2021/02/18,48,65,18,45,30,46,28,21,64
19:08:53 2021/02/18,47,60,19,40,29,48,33,21,56
19:18:56 2021/02/18,47,56,20,46,26,40,28,17,57
19:28:59 2021/02/18,49,59,20,41,31,38,26,18,53
19:39:01 2021/02/18,48,59,19,42,32,36,18,21,47
19:49:03 2021/02/18,55,51,22,42,28,39,18,20,43
19:59:06 2021/02/18,58,50,19,40,24,35,17,15,45
20:09:09 2021/02/18,60,49,13,34,26,28,15,17,40
20:19:12 2021/02/18,53,49,12,34,26,25,16,15,38
20:29:15 2021/02/18,51,39,10,30,24,21,16,15,37
20:39:17 2021/02/18,40,43,9,28,21,23,18,13,39
20:49:20 2021/02/18,28,41,13,26,16,17,18,11,36
20:59:23 2021/02/18,24,37,16,24,19,15,19,11,36
21:09:25 2021/02/18,21,43,17,21,18,15,19,9,31
21:19:28 2021/02/18,18,43,18,17,15,15,17,8,28
21:29:30 2021/02/18,24,43,18,16,14,14,16,7,24
21:39:33 2021/02/18,24,44,19,20,10,16,15,8,28
21:49:35 2021/02/18,23,37,19,23,9,14,12,8,22
21:59:38 2021/02/18,23,34,13,21,9,12,14,7,21
22:09:41 2021/02/18,22,33,9,23,7,10,10,4,18
22:19:44 2021/02/18,19,22,7,22,6,7,11,4,22
22:29:47 2021/02/18,13,18,7,22,7,8,8,2,22
22:39:49 2021/02/18,10,14,7,16,9,10,7,2,20
22:49:52 2021/02/18,7,10,6,14,9,9,7,,20
22:59:55 2021/02/18,7,7,5,13,7,10,7,,21
23:09:57 2021/02/18,6,9,4,13,6,11,6,,18
23:20:00 2021/02/18,5,8,3,11,5,11,4,,17
23:30:03 2021/02/18,5,9,2,11,5,9,3,,11
23:40:06 2021/02/18,5,6,1,11,4,6,1,,10
23:50:08 2021/02/18,3,5,,12,3,4,1,,8
00:00:10 2021/02/19,3,6,,8,3,3,1,,3
00:10:13 2021/02/19,3,6,1,8,4,3,1,,4
00:20:16 2021/02/19,3,4,1,5,4,2,,,6
00:30:18 2021/02/19,2,3,1,5,3,2,,,7
00:40:20 2021/02/19,3,1,2,4,4,2,,,6
00:50:23 2021/02/19,3,1,2,4,2,2,,,6
01:00:25 2021/02/19,2,1,2,3,2,3,,,6
01:10:28 2021/02/19,3,,2,2,2,3,,,7
01:20:31 2021/02/19,3,,1,1,2,1,,,6
01:30:34 2021/02/19,2,1,1,1,2,1,,,3
01:40:37 2021/02/19,2,1,1,2,2,1,,,2
01:50:40 2021/02/19,1,1,,2,1,1,,,2
02:00:43 2021/02/19,1,1,,2,1,1,,,1
02:10:46 2021/02/19,1,1,,2,1,,,,1
02:20:48 2021/02/19,,1,,3,,,,,
02:30:51 2021/02/19,,1,,2,,,,,
02:40:54 2021/02/19,,,,2,,,,,
02:50:57 2021/02/19,,1,,1,,,,,
03:00:59 2021/02/19,,2,,1,,,,,
03:11:03 2021/02/19,,2,,1,,1,,,
03:21:05 2021/02/19,,2,,1,,2,,,
03:31:08 2021/02/19,1,2,,,1,4,,,
03:41:11 2021/02/19,1,5,1,,1,4,1,,
03:51:14 2021/02/19,2,7,2,,1,4,2,,
04:01:17 2021/02/19,2,7,3,1,1,4,2,,1
04:11:19 2021/02/19,3,7,3,2,2,4,2,,1
04:21:22 2021/02/19,3,8,4,4,2,3,4,,2
04:31:24 2021/02/19,7,13,5,5,3,3,5,,3
04:41:27 2021/02/19,10,14,6,6,2,2,7,,6
04:51:30 2021/02/19,13,13,6,9,3,4,9,,9
05:01:32 2021/02/19,15,18,9,10,5,9,11,,13
05:11:35 2021/02/19,18,21,9,17,7,14,13,,13
05:21:38 2021/02/19,26,27,9,19,8,16,15,,16
05:31:41 2021/02/19,30,37,10,20,13,18,18,,20
05:41:44 2021/02/19,33,43,9,32,13,20,23,,23
05:51:46 2021/02/19,41,53,11,35,15,23,26,,38
06:01:48 2021/02/19,49,59,18,38,19,27,30,,41
06:11:51 2021/02/19,60,64,15,40,26,34,38,9,54
06:21:53 2021/02/19,67,71,14,41,30,33,45,16,60
06:31:56 2021/02/19,59,69,15,45,31,34,50,25,61
06:41:59 2021/02/19,63,71,14,49,30,33,48,30,59
06:52:02 2021/02/19,76,77,17,52,34,37,51,32,67
07:02:05 2021/02/19,54,64,9,33,31,28,36,33,44
07:12:08 2021/02/19,43,55,12,33,23,21,32,25,34
07:22:11 2021/02/19,35,51,14,30,21,22,27,24,30
07:32:13 2021/02/19,34,51,15,25,23,25,23,14,32
07:42:15 2021/02/19,34,43,14,20,20,29,29,13,28
07:52:18 2021/02/19,30,46,13,22,17,28,29,13,29
08:02:21 2021/02/19,28,39,13,19,20,29,26,13,22
08:12:23 2021/02/19,32,49,13,20,17,28,22,12,25
08:22:26 2021/02/19,35,47,10,19,16,27,25,8,29
08:32:28 2021/02/19,40,48,11,17,12,26,27,9,26
08:42:30 2021/02/19,39,53,12,20,14,28,23,7,29
08:52:32 2021/02/19,34,50,15,21,15,29,27,8,25
09:02:35 2021/02/19,36,61,17,29,17,34,31,8,33
09:12:38 2021/02/19,34,47,14,25,13,35,39,11,40
09:22:40 2021/02/19,30,59,12,23,13,37,37,13,37
09:32:43 2021/02/19,32,68,16,28,17,43,41,14,42
09:42:45 2021/02/19,25,60,13,36,13,35,38,13,40
09:52:48 2021/02/19,26,59,10,36,13,34,38,12,41
10:02:51 2021/02/19,29,64,11,40,14,39,42,13,44
10:12:54 2021/02/19,25,59,7,30,16,27,33,9,28
10:22:57 2021/02/19,28,48,9,31,15,24,35,7,30
10:33:00 2021/02/19,30,52,10,33,15,27,33,10,32
10:43:02 2021/02/19,31,41,5,19,17,20,28,13,32
10:53:05 2021/02/19,37,39,7,21,16,19,28,14,31
11:03:08 2021/02/19,39,36,6,21,19,14,27,15,36
11:13:11 2021/02/19,39,32,8,20,15,15,22,18,36
11:23:13 2021/02/19,39,32,7,22,16,18,18,19,29
11:33:16 2021/02/19,36,28,7,24,16,18,20,17,31
11:43:18 2021/02/19,33,32,7,24,14,17,20,14,29
11:53:21 2021/02/19,29,29,6,22,16,20,23,10,29
12:03:23 2021/02/19,34,36,7,24,19,22,25,12,30
12:13:26 2021/02/19,27,39,9,20,20,27,23,7,24
12:23:28 2021/02/19,23,43,7,19,21,22,22,8,26
12:33:31 2021/02/19,30,46,7,15,20,21,19,8,25
12:43:33 2021/02/19,27,42,9,14,17,19,21,8,23
12:53:36 2021/02/19,26,44,9,13,16,20,19,10,23
13:03:39 2021/02/19,22,39,10,14,14,21,18,9,25
13:13:42 2021/02/19,20,38,8,13,16,19,19,10,22
13:23:45 2021/02/19,24,34,11,16,12,22,20,10,25
13:33:48 2021/02/19,21,32,12,20,13,25,25,9,22
13:43:50 2021/02/19,19,32,10,20,14,24,25,11,25
13:53:53 2021/02/19,23,33,11,20,19,26,19,13,30
14:03:56 2021/02/19,27,32,10,21,22,25,21,14,36
14:13:59 2021/02/19,32,28,9,25,17,27,19,18,36
14:24:02 2021/02/19,29,33,7,23,17,26,16,16,41
14:34:05 2021/02/19,33,37,8,20,18,22,16,15,39
14:44:08 2021/02/19,34,40,9,22,18,20,16,14,36
14:54:11 2021/02/19,38,38,11,22,12,17,19,12,30
15:04:13 2021/02/19,32,44,13,26,17,21,19,11,25
15:14:15 2021/02/19,38,51,15,24,16,17,19,6,30
15:24:18 2021/02/19,43,48,13,27,17,16,23,6,24
15:34:21 2021/02/19,42,45,19,29,18,17,22,7,28
15:44:24 2021/02/19,41,47,17,29,19,22,21,10,31
15:54:27 2021/02/19,45,54,12,33,19,27,24,12,32
16:04:30 2021/02/19,43,56,10,32,15,21,21,14,36
16:14:33 2021/02/19,45,60,9,39,18,24,24,16,38
16:24:36 2021/02/19,42,59,8,38,16,30,25,19,36
16:34:39 2021/02/19,39,62,6,38,17,33,28,20,39
16:44:42 2021/02/19,40,60,3,42,18,33,32,18,39
16:54:44 2021/02/19,36,54,4,36,23,30,34,12,43
17:04:46 2021/02/19,34,57,13,35,22,33,39,11,47
17:14:49 2021/02/19,33,55,16,26,26,35,41,11,44
17:24:52 2021/02/19,32,48,18,28,25,35,39,9,43
17:34:55 2021/02/19,37,49,17,27,26,33,37,12,42
17:44:57 2021/02/19,35,54,18,23,30,33,35,15,41
17:55:00 2021/02/19,38,51,20,24,24,31,29,15,41
18:05:03 2021/02/19,40,44,12,24,24,35,31,16,40
18:15:05 2021/02/19,37,45,8,34,22,37,28,15,38
18:25:07 2021/02/19,34,44,10,34,21,34,32,16,43
18:35:10 2021/02/19,33,41,10,34,22,31,32,18,42
18:45:12 2021/02/19,29,36,9,34,23,26,33,15,43
18:55:17 2021/02/19,26,33,11,34,20,28,36,17,45
19:05:20 2021/02/19,26,36,13,31,20,24,32,15,43
19:15:22 2021/02/19,27,30,15,25,19,15,30,14,43
19:25:25 2021/02/19,27,36,15,18,19,12,25,13,35
19:35:28 2021/02/19,26,39,16,14,17,15,22,7,36
19:45:30 2021/02/19,29,37,15,13,13,16,17,6,36
19:55:33 2021/02/19,30,36,14,17,14,17,8,5,31
20:05:35 2021/02/19,30,37,14,18,12,16,10,4,29
20:15:38 2021/02/19,31,37,15,22,13,18,9,2,27
20:25:41 2021/02/19,32,39,14,23,9,20,8,2,26
20:35:43 2021/02/19,32,30,14,21,8,23,7,,26
20:45:46 2021/02/19,28,32,13,21,8,19,8,,26
20:55:49 2021/02/19,26,30,13,20,6,18,8,,24
21:05:52 2021/02/19,27,31,11,15,4,18,7,,23
21:15:54 2021/02/19,25,28,10,11,5,20,8,,22
21:25:56 2021/02/19,23,24,7,9,4,14,9,,20
21:36:00 2021/02/19,20,25,8,6,4,9,10,,16
21:46:03 2021/02/19,23,21,6,9,6,10,9,,17
21:56:05 2021/02/19,23,20,7,9,6,8,9,,16
22:06:08 2021/02/19,19,14,6,7,6,5,10,,12
22:16:10 2021/02/19,18,16,4,8,5,1,11,,15
22:26:13 2021/02/19,18,13,5,8,6,2,9,,14
22:36:16 2021/02/19,17,10,4,7,6,2,6,,15
22:46:18 2021/02/19,13,7,5,9,9,4,4,,15
22:56:21 2021/02/19,9,9,3,8,8,3,4,,9
23:06:24 2021/02/19,7,10,3,10,7,5,4,,9
23:16:27 2021/02/19,7,10,4,11,7,5,4,,7
23:26:30 2021/02/19,6,7,4,8,6,4,3,,5
23:36:32 2021/02/19,4,7,3,8,5,5,3,,6
23:46:34 2021/02/19,3,6,4,7,5,5,3,,5
23:56:37 2021/02/19,3,5,3,6,3,4,3,,5
00:06:39 2021/02/20,3,2,3,3,2,3,3,,6
00:16:42 2021/02/20,2,,2,,1,3,2,,5
00:26:45 2021/02/20,2,,1,,2,3,1,,6
00:36:48 2021/02/20,1,,2,,2,2,1,,3
00:46:51 2021/02/20,1,,2,,3,2,1,,4
00:56:53 2021/02/20,1,,2,,3,2,1,,5
01:06:56 2021/02/20,1,,2,1,4,1,,,4
01:16:59 2021/02/20,1,,2,1,4,1,,,5
01:27:01 2021/02/20,1,,2,1,3,3,,,5
01:37:04 2021/02/20,1,1,2,1,3,4,,,3
01:47:07 2021/02/20,1,1,1,1,1,5,,,2
01:57:09 2021/02/20,1,1,,1,1,4,,,2
02:07:11 2021/02/20,,1,,,1,4,,,1
02:17:14 2021/02/20,,1,,,,4,,,
02:27:17 2021/02/20,1,1,,,,4,,,
02:37:20 2021/02/20,1,1,,,,1,,,1
02:47:22 2021/02/20,1,,,,1,,,,1
02:57:24 2021/02/20,1,,,,1,,,,2
03:07:27 2021/02/20,1,,,,1,,,,2
03:17:30 2021/02/20,1,,,,1,,,,3
03:27:32 2021/02/20,2,,,,1,,,,3
03:37:35 2021/02/20,3,,,,1,,1,,2
03:47:37 2021/02/20,3,,,1,2,,1,,2
03:57:41 2021/02/20,4,,1,2,1,,1,,3
04:07:43 2021/02/20,4,,1,2,1,1,2,,3
04:17:46 2021/02/20,4,3,1,2,2,2,2,,2
04:27:48 2021/02/20,4,3,1,3,2,3,2,,4
04:37:50 2021/02/20,4,7,1,4,2,3,2,,4
04:47:53 2021/02/20,3,7,1,4,2,3,2,,6
04:57:56 2021/02/20,3,8,1,3,1,4,2,,7
05:07:59 2021/02/20,4,8,,2,1,5,2,,6
05:18:01 2021/02/20,7,10,1,2,1,4,1,,5
05:28:04 2021/02/20,9,7,1,1,1,3,1,,6
05:38:06 2021/02/20,11,8,1,3,2,3,3,,4
05:48:09 2021/02/20,10,6,2,2,3,6,2,,2
05:58:11 2021/02/20,11,7,4,4,3,6,2,,3
06:08:14 2021/02/20,15,8,5,8,3,6,4,,5
06:18:17 2021/02/20,16,12,7,10,5,7,5,,10
06:28:19 2021/02/20,15,16,8,11,5,7,6,,13
06:38:22 2021/02/20,14,20,9,13,6,11,12,,17
06:48:24 2021/02/20,18,25,10,14,9,16,17,,20
06:58:27 2021/02/20,25,28,11,17,11,18,21,,24
07:08:30 2021/02/20,25,32,12,15,14,17,26,2,24
07:18:33 2021/02/20,26,36,14,16,18,21,28,4,28
07:28:37 2021/02/20,31,41,17,16,17,21,28,5,27
07:38:40 2021/02/20,31,44,18,19,23,22,31,6,27
07:48:42 2021/02/20,36,50,18,21,25,24,32,8,29
07:58:44 2021/02/20,37,51,17,22,22,21,35,10,32
08:08:47 2021/02/20,49,60,16,34,25,25,43,10,37
08:18:50 2021/02/20,49,69,17,35,23,29,41,10,44
08:28:52 2021/02/20,46,70,13,34,25,35,43,10,42
08:38:55 2021/02/20,45,67,11,41,24,40,49,9,47
08:48:57 2021/02/20,49,64,12,41,21,46,45,10,51
08:59:00 2021/02/20,43,70,12,39,17,47,46,10,54
09:09:02 2021/02/20,30,76,13,37,18,46,43,11,50
09:19:04 2021/02/20,21,70,11,31,13,46,39,14,41
09:29:06 2021/02/20,28,65,9,30,9,51,37,16,49
09:39:09 2021/02/20,31,68,10,30,5,45,33,16,51
09:49:12 2021/02/20,30,73,12,24,7,42,28,16,45
09:59:14 2021/02/20,31,69,14,24,9,38,29,16,44
10:09:17 2021/02/20,35,65,12,26,12,39,27,21,43
10:19:19 2021/02/20,38,50,14,25,11,40,24,23,44
10:29:22 2021/02/20,38,57,16,26,17,34,23,21,43
10:39:24 2021/02/20,41,58,17,25,19,30,26,22,34
10:49:26 2021/02/20,45,55,15,29,20,31,23,24,39
10:59:29 2021/02/20,47,53,15,35,18,32,25,22,39
11:09:32 2021/02/20,37,54,12,33,22,26,24,26,38
11:19:34 2021/02/20,37,55,12,36,21,26,23,24,42
11:29:36 2021/02/20,41,56,8,37,17,24,23,19,41
11:39:38 2021/02/20,40,56,7,35,16,29,19,19,35
11:49:41 2021/02/20,32,50,5,35,15,40,18,18,35
11:59:43 2021/02/20,29,53,4,30,16,34,18,19,32
12:09:46 2021/02/20,27,46,3,24,19,39,19,16,30
12:19:49 2021/02/20,30,44,2,26,11,42,17,14,27
12:29:52 2021/02/20,34,48,3,21,11,41,19,16,22
12:39:55 2021/02/20,26,50,3,16,11,39,20,13,20
12:49:57 2021/02/20,27,49,3,16,11,34,25,14,23
13:00:00 2021/02/20,27,50,4,19,15,27,25,15,26
13:10:03 2021/02/20,27,50,5,20,14,30,25,14,27
13:20:06 2021/02/20,34,50,5,22,13,24,26,14,22
13:30:08 2021/02/20,35,50,7,25,16,23,28,12,26
13:40:11 2021/02/20,34,47,6,34,15,25,25,12,28
13:50:14 2021/02/20,33,42,8,38,16,25,28,18,24
14:00:16 2021/02/20,33,40,11,38,18,23,27,22,26
14:10:19 2021/02/20,37,40,12,36,14,23,30,20,28
14:20:22 2021/02/20,40,42,15,35,16,27,31,25,25
14:30:25 2021/02/20,41,40,17,30,17,30,33,30,31
14:40:27 2021/02/20,37,40,18,27,18,28,29,28,31
14:50:30 2021/02/20,36,42,19,22,21,26,29,28,31
15:00:32 2021/02/20,38,38,18,20,23,25,26,23,31
15:10:35 2021/02/20,42,43,15,20,21,24,26,19,32
15:20:38 2021/02/20,38,43,13,23,20,21,22,19,34
15:30:41 2021/02/20,36,50,7,24,19,20,22,15,40
15:40:43 2021/02/20,30,52,7,32,18,23,18,13,36
15:50:46 2021/02/20,32,47,6,32,15,28,24,14,40
16:00:48 2021/02/20,31,45,5,35,14,31,26,20,39
16:10:50 2021/02/20,35,44,4,35,14,34,27,20,45
16:20:53 2021/02/20,34,43,5,32,15,36,26,20,48
16:30:55 2021/02/20,32,40,6,28,15,36,26,19,42
16:40:58 2021/02/20,32,38,8,38,13,38,30,19,37
16:51:00 2021/02/20,32,44,8,32,14,30,32,20,33
17:01:03 2021/02/20,31,48,7,33,18,30,24,23,27
17:11:06 2021/02/20,34,51,8,30,21,30,19,17,26
17:21:09 2021/02/20,29,52,8,31,17,28,17,15,23
17:31:12 2021/02/20,24,49,8,32,21,26,15,14,15
17:41:14 2021/02/20,23,52,9,31,21,24,12,14,15
17:51:17 2021/02/20,23,48,6,21,23,16,13,12,18
18:01:20 2021/02/20,23,40,7,22,21,15,10,8,20
18:11:23 2021/02/20,21,35,6,17,20,11,13,3,21
18:21:26 2021/02/20,17,33,5,16,18,11,15,2,25
18:31:28 2021/02/20,21,36,6,13,17,10,17,2,20
18:41:31 2021/02/20,22,33,8,13,13,8,21,1,23
18:51:33 2021/02/20,22,31,6,13,14,13,21,,25
19:01:36 2021/02/20,18,29,7,12,14,14,17,,26
19:11:38 2021/02/20,17,28,6,10,15,13,16,,25
19:21:41 2021/02/20,17,30,6,10,13,15,14,,27
19:31:44 2021/02/20,18,25,6,11,9,16,13,,24
19:41:46 2021/02/20,12,20,6,12,9,17,8,,27
19:51:49 2021/02/20,18,18,3,11,10,15,8,,23
20:01:52 2021/02/20,16,16,2,13,9,10,7,,22
20:11:54 2021/02/20,18,16,3,14,8,10,6,,21
20:21:57 2021/02/20,18,18,5,14,6,10,6,,21
20:31:59 2021/02/20,17,14,6,12,5,8,4,,21
20:42:02 2021/02/20,17,18,7,9,6,5,4,,17
20:52:05 2021/02/20,16,21,9,8,4,6,2,,15
21:02:08 2021/02/20,17,19,12,5,3,8,2,,15
21:12:10 2021/02/20,18,18,11,2,3,7,3,,11
21:22:12 2021/02/20,16,16,10,3,6,7,2,,10
21:32:15 2021/02/20,15,17,8,3,7,7,4,,6
21:42:17 2021/02/20,19,15,8,3,6,4,7,,5
21:52:20 2021/02/20,16,15,6,3,6,2,6,,6
22:02:22 2021/02/20,12,13,4,4,7,,7,,6
22:12:24 2021/02/20,9,11,4,6,7,,6,,6
22:22:27 2021/02/20,9,10,3,6,4,1,7,,8
22:32:29 2021/02/20,9,8,4,10,2,1,7,,8
22:42:32 2021/02/20,4,6,4,10,2,1,3,,6
22:52:35 2021/02/20,2,1,5,10,3,1,3,,7
23:02:37 2021/02/20,2,3,4,9,1,3,2,,8
23:12:40 2021/02/20,2,3,4,14,1,3,2,,8
23:22:43 2021/02/20,1,4,3,13,2,2,2,,6
23:32:46 2021/02/20,2,4,2,10,5,3,1,,8
23:42:49 2021/02/20,3,4,2,10,5,3,1,,8
23:52:52 2021/02/20,4,5,,9,4,3,,,7
00:02:55 2021/02/21,3,3,,10,4,2,,,3
00:12:58 2021/02/21,3,3,,5,5,2,,,2
00:23:01 2021/02/21,3,3,,2,4,2,,,3
00:33:03 2021/02/21,2,2,,2,1,4,,,2
00:43:06 2021/02/21,1,2,,2,2,4,,,2
00:53:09 2021/02/21,,1,,2,3,6,,,2
01:03:12 2021/02/21,,1,,,3,5,,,2
01:13:14 2021/02/21,,1,,1,2,5,,,2
01:23:17 2021/02/21,,2,,1,2,5,,,1
01:33:19 2021/02/21,,3,,1,3,2,,,
01:43:22 2021/02/21,,3,,1,3,3,,,
01:53:25 2021/02/21,,3,,1,3,1,,,
02:03:28 2021/02/21,,3,,1,3,1,,,
02:13:30 2021/02/21,,4,,,3,1,,,
02:23:33 2021/02/21,,2,,,3,1,,,
02:33:36 2021/02/21,,1,,,2,1,,,
02:43:38 2021/02/21,,1,,,2,,,,
02:53:40 2021/02/21,,1,,,1,,,,
03:03:43 2021/02/21,,1,,,1,,,,
03:13:46 2021/02/21,,,,,1,,,,1
03:23:49 2021/02/21,,,,,1,,,,1
03:33:52 2021/02/21,,,,,1,1,,,1
03:43:55 2021/02/21,,,,,1,1,,,2
03:53:57 2021/02/21,,,,,,1,1,,2
04:03:59 2021/02/21,2,,,,,1,1,,3
04:14:02 2021/02/21,3,,,1,1,1,2,,2
04:24:04 2021/02/21,4,,,1,1,1,2,,2
04:34:06 2021/02/21,5,1,,2,1,1,2,,2
04:44:09 2021/02/21,5,3,,2,1,1,2,,1
04:54:11 2021/02/21,5,3,,2,1,1,1,,1
05:04:14 2021/02/21,5,4,,2,1,2,1,,
05:14:17 2021/02/21,2,6,1,3,1,2,1,,
05:24:20 2021/02/21,2,7,1,3,,2,,,1
05:34:23 2021/02/21,2,8,1,4,,3,2,,2
05:44:27 2021/02/21,1,8,1,3,,2,3,,4
05:54:29 2021/02/21,4,8,1,3,,3,6,,7
06:04:32 2021/02/21,7,8,1,6,1,2,8,,8
06:14:35 2021/02/21,9,8,1,8,2,3,9,,8
06:24:38 2021/02/21,11,7,2,9,2,3,9,,10
06:34:40 2021/02/21,12,8,3,11,3,4,9,,12
06:44:42 2021/02/21,14,9,3,12,4,5,8,,13
06:54:45 2021/02/21,16,10,3,14,6,5,5,,12
07:04:47 2021/02/21,14,13,3,14,9,6,7,,13
07:14:50 2021/02/21,15,15,3,10,8,9,5,,15
07:24:52 2021/02/21,16,19,2,15,11,8,6,,17
07:34:55 2021/02/21,17,18,2,14,14,10,8,,18
07:44:58 2021/02/21,18,22,2,18,17,10,12,,19
07:55:01 2021/02/21,18,27,3,16,17,13,14,,22
08:05:04 2021/02/21,22,26,8,18,20,13,18,,24
08:15:07 2021/02/21,30,25,8,22,23,15,19,,25
08:25:09 2021/02/21,31,28,9,25,23,19,22,,26
08:35:12 2021/02/21,29,33,8,23,22,21,25,,24
08:45:14 2021/02/21,29,35,11,21,17,22,21,1,27
08:55:18 2021/02/21,26,37,11,21,15,23,21,4,31
09:05:21 2021/02/21,24,39,8,23,14,25,18,4,26
09:15:23 2021/02/21,19,47,9,19,12,27,17,7,33
09:25:25 2021/02/21,25,44,7,16,12,26,19,8,33
09:35:27 2021/02/21,28,46,8,19,15,29,20,11,36
09:45:30 2021/02/21,29,47,7,21,14,32,20,12,28
09:55:33 2021/02/21,39,42,11,25,15,29,21,9,33
10:05:35 2021/02/21,40,46,13,25,13,27,25,12,33
10:15:37 2021/02/21,40,43,14,24,13,24,29,10,32
10:25:40 2021/02/21,42,46,15,25,14,20,29,14,35
10:35:43 2021/02/21,41,48,17,24,13,19,30,14,39
10:45:45 2021/02/21,39,41,19,21,13,22,27,11,37
10:55:48 2021/02/21,32,48,17,15,14,26,33,14,36
